25,23,24,28,27,26,29,30,19,20,31,32,33,34,36,35,15,9,22,37,18,38,66,62,68,70,64,72,74,58,56,60,14,76,39,80,54,21,16,12,11
0.07038283348083496,0.0757749080657959,0.06595301628112793,0.07099628448486328,0.07675385475158691,0.07334542274475098,0.0626378059387207,0.07407760620117188,0.07231330871582031,0.07012128829956055,0.11408519744873047,0.12175393104553223
0.07130908966064453,0.07458710670471191,0.07250618934631348,0.07027959823608398,0.059900760650634766,0.0648198127746582,0.07654666900634766,0.07398843765258789,0.05318737030029297
0.07642149925231934,0.07477164268493652,0.07251095771789551,0.0766746997833252,0.06839203834533691,0.07176446914672852,0.07193493843078613,0.07385516166687012,0.07549095153808594,0.0652923583984375,0.07434868812561035,0.06758451461791992,0.07385110855102539,0.0708622932434082,0.10791635513305664,0.11472272872924805,0.07108044624328613,0.07264065742492676
0.1327066421508789,0.07329273223876953,0.13797950744628906,0.0774374008178711,0.06905436515808105,0.07093095779418945,0.07509112358093262,0.08282160758972168,0.07740664482116699,0.07352542877197266,0.08321142196655273,0.08427047729492188,0.07784438133239746,0.07769441604614258,0.0732731819152832,0.07658076286315918,0.07391953468322754,0.08510160446166992,0.07172417640686035,0.08054852485656738,0.0710761547088623,0.0779263973236084,0.07789111137390137,0.07722043991088867,0.08507347106933594,0.07572054862976074,0.08045744895935059,0.08192062377929688,0.06780409812927246,0.0746760368347168,0.07750988006591797,0.08329486846923828,0.07572317123413086,0.06876063346862793,0.0705409049987793,0.07522773742675781,0.07011914253234863,0.0724191665649414,0.06719851493835449,0.06668233871459961,0.07340216636657715,0.07105684280395508,0.07397103309631348,0.07232546806335449,0.07720160484313965,0.07822036743164062,0.06910848617553711,0.07886195182800293,0.07836532592773438,0.0727701187133789,0.07549834251403809,0.07407307624816895,0.0715329647064209,0.07077813148498535,0.06817173957824707,0.07725882530212402,0.07866096496582031,0.07396388053894043,0.07546401023864746,0.0893404483795166,0.07658600807189941,0.07604861259460449,0.08057618141174316,0.07951712608337402,0.07710647583007812,0.07734060287475586,0.07202816009521484,0.07877039909362793,0.07576918601989746,0.07640409469604492,0.07073855400085449,0.12818598747253418,0.07981610298156738,0.07126426696777344,0.12470126152038574,0.07495880126953125,0.06500983238220215,0.07160019874572754,0.07771420478820801
0.0710306167602539,0.0795435905456543,0.07386016845703125,0.08143925666809082,0.13138961791992188,0.07230997085571289,0.135697603225708,0.07648944854736328,0.07917547225952148,0.12754392623901367,0.07222199440002441,0.06994915008544922,0.07552766799926758,0.07696104049682617,0.0746307373046875,0.12285923957824707,0.07538771629333496,0.07218313217163086,0.07083463668823242,0.07912302017211914,0.07854771614074707,0.07782602310180664,0.07709884643554688,0.07639956474304199,0.07642817497253418,0.0763237476348877,0.07580780982971191,0.07050561904907227,0.07275867462158203,0.07643342018127441,0.07129287719726562,0.0701439380645752,0.07445645332336426,0.12601947784423828,0.07507705688476562,0.0689401626586914,0.07256293296813965,0.0737159252166748,0.06239461898803711,0.08071303367614746,0.06519269943237305,0.07670235633850098,0.13235020637512207,0.07530498504638672,0.07843017578125,0.07743000984191895,0.07656550407409668,0.08268189430236816,0.08039140701293945,0.0711050033569336,0.07227587699890137,0.06692337989807129,0.07587456703186035,0.0625464916229248,0.06719565391540527,0.07911896705627441,0.12070703506469727,0.06961774826049805,0.11088180541992188,0.07639455795288086,0.1304469108581543,0.11812090873718262,0.070068359375
0.07285141944885254,0.07201027870178223,0.06742405891418457,0.12966346740722656,0.07797360420227051,0.07137894630432129,0.058986663818359375,0.081024169921875,0.08073878288269043,0.07804989814758301,0.07739925384521484,0.07459330558776855,0.07945013046264648,0.06851053237915039,0.06645321846008301,0.0690162181854248,0.06942391395568848,0.07183384895324707,0.07194161415100098,0.11980819702148438,0.06895804405212402,0.07242012023925781,0.07652568817138672,0.07454490661621094,0.11046600341796875,0.1267096996307373,0.06606173515319824,0.0628976821899414
0.08488178253173828,0.07979369163513184,0.07611608505249023,0.07678866386413574,0.13907599449157715,0.07919144630432129,0.07710599899291992,0.08369278907775879,0.07037734985351562,0.07365798950195312,0.07143568992614746,0.08207893371582031,0.07593107223510742,0.07991504669189453,0.07816696166992188,0.07898497581481934,0.08484578132629395,0.08304977416992188,0.07502293586730957,0.07977128028869629,0.07867240905761719,0.07499456405639648,0.12936854362487793,0.0861520767211914,0.07922506332397461,0.13445210456848145,0.08265185356140137,0.1297464370727539,0.08311176300048828,0.07851004600524902,0.0731821060180664,0.0736851692199707,0.07233214378356934,0.07898426055908203,0.08630800247192383,0.07989621162414551,0.06843233108520508,0.07798480987548828,0.06856751441955566,0.1312117576599121,0.08510971069335938,0.08006620407104492,0.08472752571105957,0.07143759727478027,0.07442116737365723,0.06436038017272949,0.08446860313415527,0.07250404357910156,0.0808711051940918,0.06302046775817871,0.0800473690032959,0.14676547050476074,0.07247447967529297,0.07624483108520508,0.08113789558410645,0.08262944221496582,0.07946205139160156,0.07610464096069336,0.08726954460144043,0.0810096263885498,0.07168102264404297,0.14761924743652344,0.08768558502197266,0.08274221420288086,0.07793235778808594,0.07737922668457031,0.08200407028198242,0.08025813102722168,0.08152318000793457,0.07580733299255371,0.07647156715393066,0.07888221740722656,0.07671022415161133,0.07565069198608398,0.07877063751220703,0.0729374885559082,0.07704782485961914,0.13008475303649902,0.07397794723510742,0.07406234741210938,0.08281803131103516
0.09009242057800293,0.0872507095336914,0.09141016006469727,0.07182693481445312,0.08055710792541504,0.07940435409545898,0.09288859367370605,0.13187932968139648,0.07207441329956055,0.08707094192504883,0.08321499824523926,0.0840299129486084,0.07254171371459961,0.08526372909545898,0.08282756805419922,0.07666134834289551,0.07525181770324707,0.08743953704833984,0.0847783088684082,0.0724649429321289,0.08785057067871094,0.0844879150390625,0.08253955841064453,0.08448934555053711,0.08354353904724121,0.08523941040039062,0.07419729232788086,0.08460617065429688,0.07695627212524414,0.07738018035888672,0.08473062515258789,0.07329607009887695,0.0743410587310791,0.07358241081237793,0.08445549011230469,0.0769951343536377,0.08511877059936523,0.08469557762145996,0.07071256637573242,0.08820390701293945,0.0747826099395752,0.08272290229797363,0.07654953002929688,0.07835602760314941,0.07863855361938477,0.07961845397949219,0.07482099533081055,0.07732605934143066,0.08491182327270508,0.0729374885559082,0.08152365684509277,0.07620072364807129,0.07751965522766113,0.1386246681213379,0.07836771011352539,0.07324504852294922,0.07985115051269531,0.07681465148925781,0.07982897758483887,0.08060765266418457,0.0745232105255127,0.08210945129394531,0.0892033576965332,0.07716107368469238,0.0795893669128418,0.08151102066040039,0.07389712333679199,0.07941770553588867,0.07155704498291016,0.08309459686279297,0.13646841049194336,0.0792536735534668,0.08168697357177734,0.07863807678222656,0.0754997730255127,0.08119916915893555,0.07440876960754395,0.08264374732971191,0.07904434204101562,0.07415604591369629,0.13229775428771973,0.07634687423706055,0.12459611892700195,0.07498836517333984,0.07785987854003906,0.06438732147216797,0.08254265785217285,0.07346296310424805,0.14902305603027344,0.07296204566955566,0.13330888748168945,0.14331626892089844,0.1254405975341797,0.09088563919067383
0.059240102767944336,0.05665993690490723,0.057085275650024414
0.06836414337158203,0.05803227424621582,0.06236553192138672,0.06292843818664551,0.059854984283447266,0.05739235877990723,0.06508731842041016,0.05906987190246582,0.06609964370727539,0.054761648178100586,0.0636754035949707,0.05192160606384277
0.07741475105285645,0.07806944847106934,0.07778120040893555,0.0811762809753418,0.08029532432556152,0.07824373245239258,0.08020591735839844,0.08084893226623535,0.07718753814697266,0.07790684700012207,0.08731389045715332,0.07754373550415039,0.08097219467163086,0.08221101760864258,0.08438324928283691,0.08036923408508301,0.07580685615539551,0.07809710502624512,0.14761948585510254,0.0835416316986084,0.08056855201721191,0.08551502227783203,0.08993721008300781,0.07416081428527832,0.08244466781616211,0.15529346466064453,0.14545297622680664,0.07596755027770996,0.08255958557128906,0.07739400863647461,0.07767772674560547,0.08060073852539062,0.08063268661499023,0.07850313186645508,0.08527731895446777,0.08014965057373047,0.0847923755645752,0.074676513671875,0.07492494583129883,0.08236336708068848,0.08011078834533691,0.08899903297424316,0.0784769058227539,0.08330678939819336,0.08199048042297363,0.07547760009765625,0.07275176048278809,0.08196473121643066,0.08271050453186035,0.08510541915893555,0.06831741333007812,0.07971715927124023,0.07411885261535645,0.07900094985961914,0.08124208450317383,0.08081936836242676,0.1393277645111084,0.13257694244384766,0.07766556739807129,0.07589197158813477,0.07395696640014648,0.07349920272827148,0.07027459144592285,0.07840132713317871,0.07642197608947754,0.08100628852844238,0.08832120895385742,0.07303309440612793,0.08056473731994629,0.08039307594299316,0.08502006530761719,0.0793466567993164,0.07638144493103027,0.07537341117858887,0.08032917976379395,0.0743873119354248,0.08027172088623047,0.07959270477294922,0.08292245864868164,0.07932066917419434,0.07961010932922363,0.08388471603393555,0.0741126537322998,0.0721120834350586,0.08170199394226074,0.07930970191955566,0.09031867980957031,0.07349872589111328,0.07945585250854492,0.07966327667236328,0.07195544242858887,0.0766594409942627,0.07742667198181152,0.07185125350952148,0.07678866386413574,0.07430386543273926,0.08160638809204102,0.07738327980041504,0.0765984058380127,0.07577323913574219,0.08757472038269043,0.14045405387878418,0.08196043968200684,0.08282804489135742,0.07900881767272949,0.07243847846984863,0.08469676971435547,0.08040928840637207,0.12858200073242188,0.1387186050415039,0.0800008773803711,0.07517313957214355,0.08355879783630371,0.07722330093383789,0.07605671882629395,0.08423662185668945,0.07614707946777344,0.08334589004516602,0.08194756507873535,0.08093976974487305,0.0735771656036377,0.0807645320892334,0.08092498779296875,0.07556939125061035,0.08077883720397949,0.08051419258117676,0.07371091842651367,0.08197426795959473,0.08188986778259277,0.07627725601196289,0.08045434951782227,0.07653450965881348,0.14016342163085938,0.07385921478271484,0.08611226081848145,0.0826876163482666,0.06815147399902344,0.08043694496154785,0.1400761604309082,0.08559179306030273,0.07753300666809082,0.1281890869140625,0.0762484073638916,0.1344738006591797
0.08235669136047363,0.07823038101196289,0.08193421363830566,0.0767974853515625,0.08151054382324219,0.08234024047851562,0.14565229415893555,0.08921289443969727,0.08365607261657715,0.06943821907043457,0.08829712867736816,0.08367395401000977,0.08066487312316895,0.08220434188842773,0.08321738243103027,0.07336640357971191,0.08870792388916016,0.07859539985656738,0.08855056762695312,0.0789494514465332,0.08269691467285156,0.08185172080993652,0.08838176727294922,0.08660340309143066,0.08595466613769531,0.1529228687286377,0.08453512191772461,0.07273483276367188,0.0872199535369873,0.08736348152160645,0.08924984931945801,0.08309102058410645,0.07950139045715332,0.08090710639953613,0.08209896087646484,0.08102822303771973,0.0782477855682373,0.08817028999328613,0.08002352714538574,0.07899284362792969,0.08157467842102051,0.07687687873840332,0.07599258422851562,0.07983970642089844,0.08929061889648438,0.08028721809387207,0.07949590682983398,0.08359098434448242,0.07918000221252441,0.13868069648742676,0.13903069496154785,0.08285641670227051,0.0834040641784668,0.08442831039428711,0.08949756622314453,0.08892154693603516,0.08078598976135254,0.07690596580505371,0.08476972579956055,0.08259057998657227,0.07552456855773926,0.0816643238067627,0.08780956268310547,0.07723689079284668,0.07924103736877441,0.08707308769226074,0.07615351676940918,0.08346343040466309,0.07546257972717285,0.08762860298156738,0.07944011688232422,0.0861814022064209,0.09051251411437988,0.08214426040649414,0.07940173149108887,0.08930182456970215,0.0772562026977539,0.08023214340209961,0.07915019989013672,0.09147143363952637,0.0878746509552002,0.08730578422546387,0.07299518585205078,0.07309556007385254,0.08465576171875,0.07916641235351562,0.08047127723693848,0.07971835136413574,0.08156466484069824,0.08388900756835938,0.07059693336486816,0.08050298690795898,0.07452106475830078,0.08161807060241699,0.08315277099609375,0.08015823364257812,0.08464980125427246,0.08616185188293457,0.07305002212524414,0.1450338363647461,0.07838892936706543,0.08025813102722168,0.08421492576599121,0.08283591270446777,0.08185744285583496,0.07824826240539551,0.0740349292755127,0.08295083045959473,0.08805227279663086,0.08855700492858887,0.07965922355651855,0.08837628364562988,0.08539938926696777,0.08624649047851562,0.08769106864929199,0.07165050506591797,0.0813295841217041,0.08600711822509766,0.08017563819885254,0.08220624923706055,0.08353018760681152,0.07643294334411621,0.0823979377746582,0.08387279510498047,0.08230161666870117,0.08688640594482422,0.08516240119934082,0.08317971229553223,0.0777134895324707,0.07784318923950195,0.07825255393981934,0.08521866798400879,0.07591652870178223,0.07851982116699219,0.07555747032165527,0.08711814880371094,0.08151578903198242,0.08240079879760742,0.079254150390625,0.07425236701965332,0.08499789237976074,0.08340120315551758,0.07912874221801758,0.0864248275756836,0.08099555969238281,0.0884559154510498,0.07601308822631836,0.08731341361999512,0.0796353816986084,0.08105587959289551,0.08058404922485352,0.0807950496673584,0.08314394950866699,0.08011960983276367,0.07735848426818848,0.07792925834655762,0.07909703254699707,0.08492064476013184,0.08223223686218262,0.08054208755493164,0.08392047882080078,0.09061455726623535,0.08219647407531738,0.06232452392578125,0.07739543914794922,0.08594942092895508,0.08472204208374023,0.08394694328308105,0.08074402809143066,0.07812142372131348,0.07075262069702148,0.13975024223327637,0.08571076393127441,0.0836644172668457,0.07803702354431152,0.08169722557067871,0.08289933204650879,0.14589953422546387,0.12955117225646973,0.07602047920227051,0.14665603637695312,0.14181923866271973,0.07834243774414062,0.1539473533630371,0.0829925537109375,0.06912565231323242,0.06704187393188477,0.07924985885620117,0.07286882400512695,0.1419508457183838,0.13058042526245117,0.0721738338470459,0.08082413673400879,0.14206862449645996,0.07525396347045898
0.07680583000183105,0.08545160293579102,0.08502578735351562,0.07779550552368164,0.0871739387512207,0.1502995491027832,0.07930278778076172,0.07854270935058594,0.08067178726196289,0.08201718330383301,0.08591508865356445,0.07497835159301758,0.07774567604064941,0.08335041999816895,0.08310413360595703,0.08861041069030762,0.08067107200622559,0.0845038890838623,0.08525633811950684,0.08561396598815918,0.08865213394165039,0.0823969841003418,0.0727987289428711,0.07349848747253418,0.07363605499267578,0.08155608177185059,0.07970690727233887,0.08429646492004395,0.07913064956665039,0.08091473579406738,0.08451604843139648,0.07824563980102539,0.08874869346618652,0.08573246002197266,0.0815272331237793,0.08623743057250977,0.08667922019958496,0.08552694320678711,0.08409738540649414,0.08740115165710449,0.07802534103393555,0.08293032646179199,0.08449268341064453,0.08414626121520996,0.08320808410644531,0.08931827545166016,0.08564424514770508,0.09260106086730957,0.07281851768493652,0.07983136177062988,0.08416056632995605,0.08054757118225098,0.08616375923156738,0.08138275146484375,0.08060288429260254,0.07921218872070312,0.08619427680969238,0.07646036148071289,0.07820534706115723,0.08327150344848633,0.14371180534362793,0.08165740966796875,0.07867217063903809,0.08000588417053223,0.08646893501281738,0.07707786560058594,0.08944320678710938,0.08446168899536133,0.08306646347045898,0.0913844108581543,0.07996678352355957,0.08669590950012207,0.08821702003479004,0.09205031394958496,0.07689237594604492,0.08059191703796387,0.08218622207641602,0.07290029525756836,0.08696985244750977,0.0862739086151123,0.08905649185180664,0.08957219123840332,0.07932567596435547,0.07991600036621094,0.08484029769897461,0.08410310745239258,0.08511018753051758,0.0860598087310791,0.08209562301635742,0.0937497615814209,0.0825657844543457,0.08512258529663086,0.08477544784545898,0.0873105525970459,0.07946419715881348,0.14519524574279785,0.08579421043395996,0.07259106636047363,0.08466219902038574,0.08256864547729492,0.08742499351501465,0.07877516746520996,0.0762777328491211,0.08538246154785156,0.0867607593536377,0.09282684326171875,0.07252216339111328,0.07509350776672363,0.07477760314941406,0.07586789131164551,0.07181048393249512,0.07585883140563965,0.07836174964904785,0.08040881156921387,0.07859516143798828,0.08203268051147461,0.07740163803100586,0.06702995300292969,0.07090282440185547,0.07917237281799316,0.07079815864562988,0.14623093605041504,0.08250665664672852,0.07362651824951172,0.07658171653747559,0.0827333927154541,0.08498907089233398,0.08469033241271973,0.07729578018188477,0.07997655868530273,0.08677220344543457,0.08183932304382324,0.07552456855773926,0.07812929153442383,0.07993674278259277,0.08091163635253906,0.07285022735595703,0.08986377716064453,0.08227872848510742,0.0857686996459961,0.08362388610839844,0.07099008560180664,0.14713811874389648,0.07715177536010742,0.08677840232849121,0.08457374572753906,0.07233142852783203,0.08607363700866699,0.08102202415466309,0.08942604064941406,0.07700276374816895,0.08011269569396973,0.08064675331115723,0.07567119598388672,0.06231856346130371,0.07793331146240234,0.08072400093078613,0.15585875511169434,0.08153486251831055,0.07305455207824707,0.08445024490356445,0.08213376998901367,0.08284330368041992,0.08294272422790527,0.08775877952575684,0.08161211013793945,0.08364152908325195,0.08298087120056152,0.07433795928955078,0.0759127140045166,0.0776975154876709,0.08611273765563965,0.07612848281860352,0.09007382392883301,0.08163022994995117,0.08372306823730469,0.0828094482421875,0.08396315574645996,0.07792830467224121,0.08245444297790527,0.0822293758392334,0.08100676536560059,0.07785415649414062,0.07922101020812988,0.07863140106201172,0.08754849433898926,0.08459758758544922,0.08551216125488281,0.07648134231567383,0.07961273193359375,0.15546631813049316,0.08076190948486328,0.08316516876220703,0.07777595520019531,0.08065652847290039,0.08339285850524902,0.07824969291687012,0.08325004577636719,0.07924318313598633,0.08455586433410645,0.08168649673461914,0.07347249984741211,0.08113360404968262,0.08462715148925781,0.0893712043762207,0.0819997787475586,0.07908940315246582,0.08770012855529785,0.07203340530395508,0.08156561851501465,0.0781552791595459,0.0905616283416748,0.08158159255981445,0.08060932159423828,0.09270787239074707,0.0866243839263916,0.08576416969299316,0.08420848846435547,0.08309769630432129,0.07710146903991699,0.07622218132019043,0.08354997634887695,0.07869982719421387,0.0781552791595459,0.09344482421875,0.08428716659545898,0.07914948463439941,0.09004974365234375,0.07350373268127441,0.07737588882446289,0.09010648727416992,0.0772101879119873,0.07957243919372559,0.08693671226501465,0.07750105857849121,0.08359241485595703,0.08864569664001465,0.08444380760192871,0.08698368072509766,0.08622431755065918,0.0793921947479248,0.14165735244750977,0.07523608207702637,0.08165836334228516,0.08417558670043945,0.08256673812866211,0.07880163192749023,0.07945060729980469,0.08307337760925293,0.08163642883300781,0.08948969841003418,0.0755314826965332,0.07948017120361328,0.08003973960876465,0.0756070613861084,0.0830543041229248,0.14618992805480957,0.07821822166442871,0.0783078670501709,0.076904296875,0.07316136360168457,0.08001089096069336,0.07117629051208496,0.08659839630126953,0.08755230903625488,0.0850522518157959,0.07833719253540039,0.0756845474243164,0.08829379081726074,0.07691168785095215,0.08109879493713379,0.07604002952575684,0.08099865913391113,0.08889245986938477,0.08747744560241699,0.08582043647766113,0.08014345169067383,0.07815885543823242,0.07378411293029785,0.07504582405090332,0.07726478576660156,0.1484224796295166,0.08307504653930664,0.14922666549682617,0.08130836486816406,0.07811427116394043,0.08360719680786133,0.08267569541931152,0.15616750717163086,0.13492894172668457
0.08414483070373535,0.08292174339294434,0.09000515937805176,0.08973813056945801,0.08522891998291016,0.13991141319274902,0.0856466293334961,0.08925890922546387,0.08182096481323242,0.08226227760314941,0.08774995803833008,0.08842778205871582,0.08567523956298828,0.08432269096374512,0.0905768871307373,0.08195710182189941,0.0886085033416748,0.08602356910705566,0.0855550765991211,0.1492156982421875,0.08485794067382812,0.08647680282592773,0.08319997787475586,0.08717179298400879,0.0777292251586914,0.08899760246276855,0.0774693489074707,0.08753442764282227,0.08871650695800781,0.08250975608825684,0.09125709533691406,0.07996535301208496,0.07967638969421387,0.08705759048461914,0.0832369327545166,0.08321261405944824,0.06844568252563477,0.08875799179077148,0.08239579200744629,0.0958402156829834,0.09114980697631836,0.08039116859436035,0.08787798881530762,0.09065985679626465,0.08477997779846191,0.1397256851196289,0.09130454063415527,0.08213186264038086,0.0882406234741211,0.08534884452819824,0.08847475051879883,0.09526348114013672,0.08919858932495117,0.09054827690124512,0.08901071548461914,0.08432364463806152,0.08173179626464844,0.09455990791320801,0.0933997631072998,0.08311748504638672,0.07697558403015137,0.07702970504760742,0.09011030197143555,0.08196735382080078,0.08537173271179199,0.08599996566772461,0.08391475677490234,0.09026598930358887,0.08415937423706055,0.09132814407348633,0.08965134620666504,0.08319497108459473,0.08332610130310059,0.08365011215209961,0.08226966857910156,0.08460664749145508,0.08480191230773926,0.09355425834655762,0.08285212516784668,0.08198738098144531,0.09149765968322754,0.08214282989501953,0.07490062713623047,0.07466506958007812,0.0904073715209961,0.08713912963867188,0.07976222038269043,0.0910336971282959,0.0842435359954834,0.0782461166381836,0.07917976379394531,0.08272242546081543,0.08758330345153809,0.08892512321472168,0.08062434196472168,0.08113980293273926,0.0826723575592041,0.09097075462341309,0.08675599098205566,0.08349013328552246,0.07857871055603027,0.0888371467590332,0.08456563949584961,0.0867013931274414,0.07736682891845703,0.09350919723510742,0.08826088905334473,0.08230733871459961,0.08288693428039551,0.07946109771728516,0.0799875259399414,0.07906889915466309,0.0837087631225586,0.08681058883666992,0.07627749443054199,0.07799649238586426,0.08306241035461426,0.08166360855102539,0.08592033386230469,0.07927775382995605,0.09465265274047852,0.15449261665344238,0.0840306282043457,0.07724499702453613,0.0929713249206543,0.08755683898925781,0.08637046813964844,0.08203935623168945,0.07799172401428223,0.08283662796020508,0.08783125877380371,0.0795447826385498,0.09399199485778809,0.0790860652923584,0.08090925216674805,0.08543753623962402,0.07335090637207031,0.0927736759185791,0.08230400085449219,0.08080458641052246,0.08245968818664551,0.07595109939575195,0.08878231048583984,0.08352398872375488,0.0887749195098877,0.07592463493347168,0.09219551086425781,0.0850064754486084,0.08641386032104492,0.09224414825439453,0.07917547225952148,0.08002710342407227,0.09108185768127441,0.08270835876464844,0.0778346061706543,0.09167742729187012,0.08469939231872559,0.08365702629089355,0.08040118217468262,0.07572817802429199,0.14485406875610352,0.07535123825073242,0.08381915092468262,0.0761258602142334,0.07473993301391602,0.08629918098449707,0.07842659950256348,0.08003568649291992,0.07437491416931152,0.08542466163635254,0.08502793312072754,0.08072614669799805,0.0891420841217041,0.08044171333312988,0.08529376983642578,0.07829761505126953,0.09111690521240234,0.09083008766174316,0.08348703384399414,0.08324956893920898,0.08521652221679688,0.0856478214263916,0.08381271362304688,0.0816035270690918,0.07985258102416992,0.0836036205291748,0.08148741722106934,0.08800697326660156,0.08364033699035645,0.08153009414672852,0.08635354042053223,0.08477258682250977,0.08737564086914062,0.07428717613220215,0.08672118186950684,0.08168387413024902,0.09003710746765137,0.08164191246032715,0.07764625549316406,0.08343291282653809,0.08173155784606934,0.07617402076721191,0.08249449729919434,0.08221936225891113,0.09139657020568848,0.08702468872070312,0.07909226417541504,0.09119725227355957,0.08590459823608398,0.08178567886352539,0.08669877052307129,0.08107185363769531,0.08514857292175293,0.0792384147644043,0.08735013008117676,0.08298110961914062,0.07569241523742676,0.08844137191772461,0.07706618309020996,0.08092570304870605,0.08286476135253906,0.07183504104614258,0.08243441581726074,0.08402442932128906,0.0885460376739502,0.07903218269348145,0.07129859924316406,0.08916234970092773,0.07665491104125977,0.0948030948638916,0.07765626907348633,0.08446788787841797,0.09404468536376953,0.08087015151977539,0.07707095146179199,0.08575296401977539,0.08886384963989258,0.08675479888916016,0.07577347755432129,0.08353066444396973,0.08337211608886719,0.08363485336303711,0.08115291595458984,0.08622860908508301,0.08026337623596191,0.08191967010498047,0.09013485908508301,0.08733987808227539,0.08235788345336914,0.07807469367980957,0.08330512046813965,0.1389782428741455,0.08760333061218262,0.1503899097442627,0.08286476135253906,0.08731365203857422,0.0808713436126709,0.0857694149017334,0.08178853988647461,0.08252263069152832,0.07746219635009766,0.08938336372375488,0.078826904296875,0.08587455749511719,0.08543229103088379,0.07997703552246094,0.08438754081726074,0.14571785926818848,0.08166217803955078,0.08726239204406738,0.079864501953125,0.0763094425201416,0.08621025085449219,0.08776736259460449,0.08770203590393066,0.07668399810791016,0.08688855171203613,0.07644391059875488,0.0869741439819336,0.08461666107177734,0.09027338027954102,0.08129477500915527,0.07872557640075684,0.08610057830810547,0.1498429775238037,0.1415262222290039,0.1525571346282959,0.08394026756286621,0.08667874336242676,0.09009552001953125,0.08854055404663086,0.15441131591796875,0.0964200496673584,0.15160512924194336,0.08089470863342285,0.08005976676940918,0.08456158638000488,0.07720756530761719,0.08250856399536133,0.15821576118469238,0.08624839782714844,0.08608698844909668,0.07561635971069336,0.08590579032897949,0.0785975456237793,0.15294599533081055,0.14283037185668945,0.0878756046295166,0.0898139476776123,0.08270955085754395,0.07276225090026855,0.08394026756286621,0.08408069610595703,0.09216666221618652,0.08466076850891113,0.08235526084899902,0.08638119697570801,0.08509206771850586,0.07890486717224121,0.08271503448486328,0.08275723457336426,0.07683920860290527,0.08484148979187012,0.08861088752746582,0.07602930068969727,0.0746312141418457,0.08440899848937988,0.07860541343688965,0.0805821418762207,0.08729815483093262,0.07912826538085938,0.07754039764404297,0.15299534797668457
0.08098053932189941,0.07719993591308594,0.09179067611694336,0.08571767807006836,0.08893918991088867,0.08269381523132324,0.08757591247558594,0.08989858627319336,0.1467146873474121,0.08250641822814941,0.09148263931274414,0.0855257511138916,0.0930330753326416,0.08128833770751953,0.0923159122467041,0.08729338645935059,0.08652544021606445,0.07259654998779297,0.08918309211730957,0.08545541763305664,0.14505314826965332,0.08156156539916992,0.08788013458251953,0.08740425109863281,0.08713054656982422,0.08675384521484375,0.09114480018615723,0.08280348777770996,0.07743000984191895,0.09310150146484375,0.16568470001220703,0.07813167572021484,0.08645987510681152,0.08389711380004883,0.14833712577819824,0.09369301795959473,0.07972836494445801,0.08672094345092773,0.13177800178527832,0.07435202598571777,0.07656383514404297,0.09088397026062012,0.08417654037475586,0.07837796211242676,0.08420705795288086,0.07746744155883789,0.08839702606201172,0.08180570602416992,0.08624458312988281,0.08281111717224121,0.15473270416259766,0.0932459831237793,0.08571076393127441,0.09498262405395508,0.09320712089538574,0.08122682571411133,0.09559082984924316,0.08289670944213867,0.0901947021484375,0.08016109466552734
0.16073012351989746,0.08150601387023926,0.08438348770141602,0.07987666130065918,0.08853769302368164,0.08345770835876465,0.08270263671875,0.08840394020080566,0.08408188819885254,0.07772421836853027,0.08583545684814453,0.0915377140045166,0.08289289474487305,0.09121370315551758,0.07822155952453613,0.09746742248535156,0.08117890357971191,0.07746624946594238,0.08569836616516113,0.07814335823059082,0.09030437469482422,0.08599090576171875,0.09507465362548828,0.08449816703796387,0.08346891403198242,0.08101868629455566,0.08111286163330078,0.07834529876708984,0.08589315414428711,0.08515691757202148,0.08732366561889648,0.07810378074645996,0.07542562484741211,0.0890500545501709,0.08408069610595703,0.09183979034423828,0.07791733741760254,0.08670926094055176,0.09010648727416992,0.08884882926940918,0.08722352981567383,0.09473252296447754,0.07925891876220703,0.07996225357055664,0.0780649185180664,0.08265089988708496,0.08352112770080566,0.08896207809448242,0.09294414520263672,0.0803375244140625,0.09153056144714355,0.0822610855102539,0.0773305892944336,0.07964634895324707,0.09138226509094238,0.16141700744628906,0.0888667106628418,0.08105969429016113,0.08257842063903809,0.07646846771240234,0.07847166061401367,0.08411765098571777,0.08397531509399414,0.07754015922546387,0.09068608283996582,0.08098053932189941,0.08132481575012207,0.07997965812683105,0.08362507820129395,0.08451724052429199,0.07750105857849121,0.08011174201965332,0.08122110366821289,0.07461762428283691,0.0865468978881836,0.07909059524536133,0.08167862892150879,0.08287596702575684,0.08422327041625977,0.08292579650878906,0.07887148857116699,0.09191489219665527,0.08551692962646484,0.09021949768066406,0.08751416206359863,0.08486223220825195,0.06686925888061523,0.0845034122467041,0.08500027656555176,0.0834815502166748,0.08238768577575684,0.08837080001831055,0.08257865905761719,0.09280991554260254,0.15750455856323242,0.148024320602417,0.08191108703613281,0.09106612205505371,0.08896899223327637,0.08378481864929199,0.08960223197937012,0.08344578742980957,0.09523797035217285,0.09311985969543457,0.08724522590637207,0.08627653121948242,0.08685922622680664,0.08179068565368652,0.08320951461791992,0.0834054946899414,0.08522367477416992,0.0761873722076416,0.08174490928649902,0.08649325370788574,0.07546448707580566,0.08695268630981445,0.07507658004760742,0.09292817115783691,0.08962416648864746,0.08276128768920898,0.13620758056640625,0.14699339866638184,0.1380174160003662,0.08879566192626953,0.09366750717163086,0.09500479698181152,0.08917093276977539,0.08475279808044434,0.08037185668945312,0.08094573020935059,0.07632851600646973,0.09515142440795898,0.0810091495513916,0.07608890533447266,0.08926916122436523,0.08710360527038574,0.08322310447692871,0.07712388038635254,0.08643102645874023,0.08329606056213379,0.07973146438598633,0.07826948165893555,0.09186315536499023,0.09435510635375977,0.08617067337036133,0.08058786392211914,0.0864400863647461,0.07935166358947754,0.08609580993652344,0.08324432373046875,0.0737907886505127,0.14069461822509766,0.08170199394226074,0.0875852108001709,0.08061003684997559,0.14659500122070312,0.08549976348876953,0.08100414276123047,0.08149290084838867,0.08694624900817871,0.15301179885864258,0.15180397033691406
0.04754185676574707,0.05380964279174805,0.04422593116760254
0.03478550910949707,0.03489398956298828
0.06182456016540527,0.06418657302856445,0.06520581245422363,0.06280803680419922,0.05337643623352051,0.12130618095397949,0.06988310813903809,0.06138300895690918
0.08591699600219727,0.08495593070983887,0.0952150821685791,0.088897705078125,0.0776827335357666,0.09548354148864746,0.1583268642425537,0.09813904762268066,0.09234285354614258,0.09566116333007812,0.09434700012207031,0.08182120323181152,0.09364771842956543,0.10063362121582031,0.09166145324707031,0.08343887329101562,0.1700422763824463,0.09304952621459961,0.0811469554901123,0.08698296546936035,0.0750737190246582,0.08922553062438965,0.08579254150390625,0.09172177314758301
0.059394121170043945,0.05647897720336914,0.0574488639831543,0.06131339073181152,0.05538463592529297,0.05398893356323242,0.0631411075592041
0.15825676918029785,0.08714890480041504,0.09132623672485352,0.08607745170593262,0.09767866134643555,0.08834004402160645,0.09662675857543945,0.14335846900939941,0.07702231407165527,0.09313750267028809,0.08451390266418457,0.08811616897583008,0.08830928802490234,0.08326554298400879,0.09149861335754395,0.08607244491577148,0.09297323226928711,0.1195225715637207
0.14827775955200195,0.14538073539733887,0.15201210975646973,0.15769600868225098,0.1561901569366455,0.1456441879272461
0.1634230613708496,0.14951872825622559
0.16573762893676758,0.30765461921691895,0.1526501178741455,0.16770458221435547
0.28789710998535156,0.1708354949951172,0.1462702751159668,0.14653635025024414
0.1579725742340088,0.1385822296142578,0.26038122177124023,0.142380952835083,0.13633203506469727
0.15928339958190918,0.1786174774169922,0.16974687576293945
0.18130755424499512,0.15819644927978516,0.15184903144836426,0.1434791088104248,0.30962276458740234
0.1454470157623291,0.15935254096984863
0.16252613067626953,0.13143348693847656,0.1313779354095459,0.14102816581726074,0.12572717666625977
0.14093279838562012,0.1374344825744629,0.12672138214111328
0.049308061599731445
0.14246201515197754
0.08736777305603027,0.0869436264038086,0.08936524391174316,0.08447408676147461
0.18489313125610352
0.13864660263061523
0.060320377349853516,0.05952906608581543,0.11268806457519531,0.060012102127075195
0.05267167091369629,0.056336164474487305
0.04124593734741211
0.03764915466308594
