31,32,33,25,34,26,35,36,24,30,29,28,23,20,21,18,17,22,37,38,39,40
0.0010254383087158203,0.0013327598571777344,0.0009739398956298828,0.0008237361907958984,0.00133514404296875,0.0008075237274169922,0.0008261203765869141,0.0008053779602050781,0.0008246898651123047,0.0008068084716796875,0.0008068084716796875,0.0008246898651123047,0.0011463165283203125,0.0008220672607421875,0.001026153564453125,0.0008103847503662109,0.0007901191711425781,0.0008063316345214844,0.0008254051208496094,0.0013277530670166016,0.0009801387786865234,0.0008141994476318359,0.0008013248443603516,0.00080108642578125,0.000820159912109375,0.0008189678192138672,0.0008089542388916016,0.0008008480072021484,0.0008008480072021484,0.0008244514465332031,0.0009949207305908203,0.0009846687316894531,0.0008111000061035156,0.0008296966552734375,0.0008018016815185547,0.0008158683776855469,0.0008351802825927734,0.0009987354278564453,0.0008511543273925781,0.0008058547973632812,0.0008075237274169922,0.0011839866638183594,0.0008232593536376953,0.0008070468902587891,0.0008037090301513672,0.0008227825164794922,0.0008103847503662109,0.0008361339569091797,0.0008149147033691406,0.0008108615875244141,0.0008091926574707031,0.000982046127319336,0.0010046958923339844,0.0011873245239257812,0.001153707504272461,0.0011720657348632812,0.0008058547973632812,0.0008089542388916016,0.0008032321929931641,0.0008075237274169922,0.0008225440979003906,0.0008289813995361328,0.0008168220520019531,0.0008027553558349609,0.0010023117065429688,0.0008304119110107422,0.0008153915405273438,0.0013911724090576172,0.0008196830749511719,0.001169443130493164,0.0008413791656494141,0.0011708736419677734,0.0008370876312255859,0.0008170604705810547,0.0008101463317871094,0.0009906291961669922,0.0008175373077392578,0.0013418197631835938,0.0011768341064453125,0.0008180141448974609,0.0008275508880615234,0.0008113384246826172,0.0007996559143066406,0.0009860992431640625,0.0008313655853271484,0.0008037090301513672,0.0008022785186767578,0.0008013248443603516,0.0008089542388916016,0.0007987022399902344,0.0008041858673095703,0.0011501312255859375,0.0008258819580078125,0.0008008480072021484,0.0008013248443603516,0.0008122920989990234,0.0008034706115722656,0.0008058547973632812,0.0008075237274169922,0.0013675689697265625,0.0010097026824951172,0.0008077621459960938,0.0013539791107177734,0.0008120536804199219,0.0008032321929931641,0.00081634521484375,0.0013589859008789062,0.0011627674102783203,0.0008280277252197266,0.0008103847503662109,0.0008268356323242188,0.0008108615875244141,0.001338958740234375,0.001369476318359375,0.0009932518005371094,0.0013470649719238281,0.0008418560028076172,0.000995635986328125,0.0008320808410644531,0.00133514404296875,0.0013310909271240234,0.0008113384246826172,0.0008132457733154297,0.0008299350738525391,0.0008070468902587891,0.001379251480102539
0.0011699199676513672,0.0008654594421386719,0.0008168220520019531,0.0008256435394287109,0.0011708736419677734,0.0008590221405029297,0.0008273124694824219,0.0011742115020751953,0.001386404037475586,0.0011744499206542969,0.0008246898651123047,0.0008118152618408203,0.0008485317230224609,0.0008180141448974609,0.0008065700531005859,0.0013599395751953125,0.0008451938629150391,0.0008370876312255859,0.0009942054748535156,0.0008149147033691406,0.0009961128234863281,0.0011858940124511719,0.0011761188507080078,0.0008265972137451172,0.0008151531219482422,0.0010144710540771484,0.0008146762847900391,0.0007998943328857422,0.001180887222290039,0.0010123252868652344,0.0008273124694824219,0.0008137226104736328,0.0013306140899658203,0.0013437271118164062,0.0008206367492675781,0.0008208751678466797,0.0008080005645751953,0.0008141994476318359,0.0008344650268554688,0.0008349418640136719,0.0008103847503662109,0.0008146762847900391,0.0008366107940673828,0.0008289813995361328,0.0008265972137451172,0.0008246898651123047,0.0011734962463378906,0.0008089542388916016,0.0008718967437744141,0.0008258819580078125,0.0008165836334228516,0.0008392333984375,0.0008111000061035156,0.0008432865142822266,0.0008220672607421875,0.0008256435394287109,0.0011551380157470703,0.0011796951293945312,0.0008115768432617188,0.0008423328399658203,0.0008301734924316406,0.0008232593536376953,0.0008161067962646484,0.0013659000396728516,0.0008268356323242188,0.0013854503631591797,0.0013687610626220703,0.0013666152954101562,0.0009899139404296875,0.0011959075927734375,0.0008270740509033203,0.0008180141448974609,0.0008246898651123047,0.0008172988891601562,0.0013432502746582031,0.0013377666473388672,0.0008220672607421875,0.0013816356658935547,0.0008199214935302734,0.0008141994476318359,0.0009889602661132812,0.0009951591491699219,0.0010199546813964844,0.0008292198181152344,0.0011816024780273438,0.0008265972137451172,0.0008175373077392578,0.00081634521484375,0.000843048095703125,0.0008194446563720703,0.0011758804321289062,0.0008411407470703125,0.0008149147033691406,0.0008225440979003906,0.0008137226104736328,0.0008103847503662109,0.0011897087097167969,0.0008292198181152344,0.0008149147033691406,0.0008206367492675781,0.0013704299926757812,0.0008459091186523438,0.001012563705444336,0.0008223056793212891,0.0008251667022705078,0.0008177757263183594,0.000812530517578125,0.0008130073547363281,0.0013742446899414062,0.0008199214935302734,0.0012044906616210938,0.0009887218475341797,0.0008361339569091797,0.0008413791656494141,0.0008213520050048828,0.0010178089141845703,0.0008616447448730469,0.0008156299591064453,0.0013740062713623047,0.0010023117065429688,0.0010213851928710938,0.0008418560028076172,0.0013506412506103516,0.0008161067962646484,0.0008432865142822266,0.0008089542388916016,0.0008146762847900391,0.0008394718170166016,0.0009920597076416016,0.0008363723754882812,0.0008220672607421875,0.0008120536804199219,0.0008077621459960938,0.0008299350738525391,0.0013265609741210938,0.0008203983306884766,0.0008087158203125,0.0010106563568115234,0.0008213520050048828,0.00081634521484375,0.0008363723754882812,0.0008161067962646484,0.0008199214935302734,0.0013506412506103516,0.0008306503295898438,0.001356363296508789,0.0008137226104736328,0.0013718605041503906,0.0008397102355957031,0.0008113384246826172,0.0008158683776855469,0.0008177757263183594,0.0008080005645751953,0.0008058547973632812,0.0013463497161865234,0.0011556148529052734,0.0008211135864257812,0.001155853271484375,0.0008215904235839844,0.0008518695831298828,0.0008301734924316406,0.0009903907775878906,0.0008258819580078125,0.0009865760803222656,0.0008208751678466797,0.0008394718170166016,0.0010173320770263672,0.0013575553894042969,0.0013697147369384766,0.0013713836669921875,0.0008485317230224609,0.0008094310760498047,0.0008440017700195312,0.0008389949798583984,0.0008137226104736328,0.0008215904235839844,0.0008199214935302734,0.00133514404296875,0.0008111000061035156,0.0008296966552734375,0.0008254051208496094,0.001383066177368164
0.0010106563568115234,0.0008234977722167969,0.0014200210571289062,0.0008196830749511719,0.0008194446563720703,0.0008463859558105469,0.001027822494506836,0.0010404586791992188,0.001207113265991211,0.0008132457733154297,0.0008382797241210938,0.0008180141448974609,0.0008304119110107422,0.0013897418975830078,0.0008137226104736328,0.0012044906616210938,0.0008578300476074219,0.0008194446563720703,0.0008187294006347656,0.0008456707000732422,0.0008189678192138672,0.0008115768432617188,0.0008230209350585938,0.0008184909820556641,0.0008132457733154297,0.0008292198181152344,0.0008192062377929688,0.0008378028869628906,0.0008397102355957031,0.0008165836334228516,0.0010073184967041016,0.0008199214935302734,0.0008232593536376953,0.0008122920989990234,0.0010237693786621094,0.0012013912200927734,0.0013833045959472656,0.001361846923828125,0.0013728141784667969,0.0008435249328613281,0.0008256435394287109,0.0010061264038085938,0.0009961128234863281,0.0008306503295898438,0.0011894702911376953,0.0014102458953857422,0.0008192062377929688,0.0008213520050048828,0.0008285045623779297,0.0008096694946289062,0.0008153915405273438,0.0008256435394287109,0.0008161067962646484,0.0013797283172607422,0.0013937950134277344,0.0008208751678466797,0.0008130073547363281,0.0010027885437011719,0.0008516311645507812,0.001386880874633789,0.0013790130615234375,0.0010335445404052734,0.0008335113525390625,0.0008499622344970703,0.0013632774353027344,0.000823974609375,0.0013680458068847656,0.00081634521484375,0.0008275508880615234,0.0008180141448974609,0.0008263587951660156,0.0008246898651123047,0.0013947486877441406,0.0008339881896972656,0.001401662826538086,0.0010132789611816406,0.0008256435394287109,0.0008292198181152344,0.0008223056793212891,0.0008175373077392578,0.0008134841918945312,0.0008537769317626953,0.0008146762847900391,0.0010068416595458984,0.0008447170257568359,0.001382589340209961,0.0013835430145263672,0.0008285045623779297,0.0008172988891601562,0.0008206367492675781,0.0008378028869628906,0.0008237361907958984,0.0008206367492675781,0.0008463859558105469,0.0011966228485107422,0.0012326240539550781,0.000827789306640625,0.0008227825164794922,0.0008196830749511719,0.0008449554443359375,0.0012388229370117188,0.0008394718170166016,0.0008325576782226562,0.0011935234069824219,0.0010218620300292969,0.0008385181427001953,0.00081634521484375,0.0008528232574462891,0.0010232925415039062,0.0010225772857666016,0.0008478164672851562,0.0010018348693847656,0.0011904239654541016,0.0013887882232666016,0.0013873577117919922,0.0008420944213867188,0.0008244514465332031,0.0008265972137451172,0.0013782978057861328,0.0008141994476318359,0.0008339881896972656,0.0008234977722167969,0.0011882781982421875,0.0008563995361328125,0.0012011528015136719,0.001383066177368164,0.0013885498046875,0.0013585090637207031,0.0013778209686279297,0.0013720989227294922,0.0012156963348388672,0.0013728141784667969,0.0013794898986816406,0.0010290145874023438,0.0013790130615234375,0.001377105712890625,0.0013859272003173828,0.0014011859893798828,0.0013756752014160156,0.0013966560363769531,0.0008194446563720703,0.0011830329895019531,0.0008490085601806641,0.0008234977722167969,0.0008137226104736328,0.0013821125030517578,0.0013773441314697266,0.0014028549194335938,0.00081634521484375,0.0008261203765869141,0.0008156299591064453,0.0013651847839355469,0.0008230209350585938,0.0011942386627197266,0.0008492469787597656,0.0008497238159179688,0.0008251667022705078,0.0013918876647949219,0.0014431476593017578,0.0013875961303710938,0.0008122920989990234,0.0008189678192138672,0.0008358955383300781,0.0008442401885986328,0.0008907318115234375,0.000827789306640625,0.000997781753540039,0.0008165836334228516,0.0008137226104736328,0.0008175373077392578,0.0008485317230224609,0.000820159912109375,0.0008182525634765625,0.0008251667022705078,0.0011937618255615234,0.0008227825164794922,0.0008215904235839844,0.0008203983306884766,0.0008466243743896484,0.0008342266082763672,0.0008249282836914062,0.0008335113525390625,0.0008511543273925781,0.0008480548858642578,0.0008454322814941406,0.0008428096771240234,0.0008530616760253906,0.0013670921325683594,0.0008301734924316406,0.0013897418975830078,0.0010020732879638672,0.0008263587951660156,0.0008399486541748047,0.0013802051544189453,0.0012001991271972656,0.0013780593872070312,0.0008339881896972656,0.0008244514465332031,0.0008466243743896484,0.0008308887481689453,0.0012085437774658203,0.0008530616760253906,0.0008172988891601562,0.0008184909820556641,0.0008218288421630859,0.0013680458068847656,0.001020669937133789,0.0014007091522216797,0.0013737678527832031,0.0013849735260009766,0.0008223056793212891,0.001013040542602539,0.0008375644683837891,0.0008444786071777344,0.0013849735260009766,0.0008177757263183594,0.001008749008178711,0.0008165836334228516,0.0008604526519775391,0.0008258819580078125,0.0008299350738525391,0.0008540153503417969,0.0008258819580078125,0.0008168220520019531,0.0008578300476074219,0.0008313655853271484,0.0013885498046875,0.0008161067962646484,0.0008497238159179688,0.0013952255249023438,0.0014009475708007812,0.0013887882232666016,0.0013782978057861328,0.001373291015625,0.001209259033203125,0.001369476318359375
0.0010046958923339844,0.0012252330780029297,0.0014696121215820312,0.0007696151733398438,0.0007636547088623047,0.001466989517211914,0.0007963180541992188,0.0007927417755126953,0.0007672309875488281
0.001424551010131836,0.001421213150024414,0.0012292861938476562,0.0008301734924316406,0.0014276504516601562,0.0014126300811767578,0.0012164115905761719,0.0010120868682861328,0.0008282661437988281,0.0008323192596435547,0.0008187294006347656,0.0008301734924316406,0.0008223056793212891,0.0012195110321044922,0.0008249282836914062,0.0008502006530761719,0.0008242130279541016,0.000850677490234375,0.0008392333984375,0.0008184909820556641,0.0008509159088134766,0.0008320808410644531,0.0008509159088134766,0.0008561611175537109,0.0008344650268554688,0.0012035369873046875,0.001390695571899414,0.0008265972137451172,0.0008497238159179688,0.0008680820465087891,0.0014278888702392578,0.0008387565612792969,0.0008246898651123047,0.0008230209350585938,0.0008568763732910156,0.0008473396301269531,0.0008606910705566406,0.0008308887481689453,0.0008270740509033203,0.0008554458618164062,0.0008304119110107422,0.0014111995697021484,0.0014109611511230469,0.0014193058013916016,0.0008280277252197266,0.0014081001281738281,0.0008554458618164062,0.0008285045623779297,0.0013971328735351562,0.000885009765625,0.0008337497711181641,0.0008263587951660156,0.0008428096771240234,0.0008325576782226562,0.0008213520050048828,0.0008535385131835938,0.0013897418975830078,0.0008249282836914062,0.0008308887481689453,0.0013914108276367188,0.0008249282836914062,0.0013875961303710938,0.0008356571197509766,0.0008394718170166016,0.0010483264923095703,0.0008223056793212891,0.0008237361907958984,0.0013866424560546875,0.001054525375366211,0.0008285045623779297,0.0008921623229980469,0.0008676052093505859,0.0008351802825927734,0.0008614063262939453,0.0008351802825927734,0.0008332729339599609,0.000823974609375,0.0012214183807373047,0.0014505386352539062,0.0013883113861083984,0.0014302730560302734,0.0013990402221679688,0.0010111331939697266,0.001047372817993164,0.0010259151458740234,0.001409769058227539,0.001420736312866211,0.0014121532440185547,0.0013947486877441406,0.0008215904235839844,0.0008294582366943359,0.001008749008178711,0.0012195110321044922,0.0013947486877441406,0.0008556842803955078,0.0014157295227050781,0.0014030933380126953,0.0014162063598632812,0.001424551010131836,0.0014259815216064453,0.0010256767272949219,0.00086212158203125,0.0013952255249023438,0.0008511543273925781,0.0008327960968017578,0.0008556842803955078,0.0008347034454345703,0.0012409687042236328,0.0008502006530761719,0.0008361339569091797,0.0008275508880615234,0.0008649826049804688,0.0008351802825927734,0.0008311271667480469,0.0008213520050048828,0.0008628368377685547,0.0008361339569091797,0.0010421276092529297,0.0008413791656494141,0.0008611679077148438,0.0008292198181152344,0.0014033317565917969,0.0014202594757080078,0.0008404254913330078,0.0008304119110107422,0.0008511543273925781,0.0008623600006103516,0.0008227825164794922,0.0010328292846679688,0.0008516311645507812,0.0008332729339599609,0.0008625984191894531,0.0008351802825927734,0.0010387897491455078,0.0010514259338378906,0.0008521080017089844,0.0013861656188964844,0.0013957023620605469,0.0010120868682861328,0.001031637191772461,0.0014142990112304688,0.0008282661437988281,0.0008282661437988281,0.0008738040924072266,0.0012042522430419922,0.0008313655853271484,0.0013921260833740234,0.0008604526519775391,0.0008313655853271484,0.0008418560028076172,0.0008370876312255859,0.0008280277252197266,0.0008332729339599609,0.0008530616760253906,0.0008382797241210938,0.0008649826049804688,0.0008370876312255859,0.0008397102355957031,0.0013954639434814453,0.0008420944213867188,0.0008411407470703125,0.0008254051208496094,0.0008280277252197266,0.0008313655853271484,0.0008311271667480469,0.0012085437774658203,0.0008349418640136719,0.0008547306060791016,0.0008385181427001953,0.0008356571197509766,0.0008318424224853516,0.000827789306640625,0.0008499622344970703,0.0008587837219238281,0.0008285045623779297,0.0014026165008544922,0.0013883113861083984,0.0008370876312255859,0.0008537769317626953,0.0008394718170166016,0.0008263587951660156,0.0008511543273925781,0.0008335113525390625,0.0013918876647949219,0.0008347034454345703,0.0013954639434814453,0.0010209083557128906,0.0010120868682861328,0.0014226436614990234,0.0014078617095947266,0.0014026165008544922,0.001413583755493164,0.0014119148254394531,0.0014262199401855469,0.0014121532440185547,0.0008676052093505859,0.0014042854309082031,0.001413583755493164,0.001402139663696289,0.001425027847290039,0.001409292221069336,0.0014138221740722656,0.001405477523803711,0.0014145374298095703
0.00109100341796875,0.0007977485656738281,0.0007903575897216797,0.0007710456848144531,0.0012042522430419922,0.0007832050323486328,0.0010616779327392578,0.0012233257293701172,0.0012083053588867188,0.0010573863983154297,0.0007774829864501953
0.0014331340789794922,0.0008444786071777344,0.0008351802825927734,0.0008685588836669922,0.0008308887481689453,0.0014412403106689453,0.0008492469787597656,0.0010428428649902344,0.0008614063262939453,0.0008401870727539062,0.0008339881896972656,0.0008358955383300781,0.0008575916290283203,0.0008263587951660156,0.0008318424224853516,0.0010306835174560547,0.0008337497711181641,0.0008497238159179688,0.0008482933044433594,0.0010302066802978516,0.0010325908660888672,0.0008609294891357422,0.0008275508880615234,0.0008497238159179688,0.0010340213775634766,0.0014214515686035156,0.0014522075653076172,0.0010328292846679688,0.001428842544555664,0.0014195442199707031,0.0014662742614746094,0.0014262199401855469,0.0014297962188720703,0.0008463859558105469,0.0008347034454345703,0.0008711814880371094,0.0008466243743896484,0.0008654594421386719,0.0008327960968017578,0.0014204978942871094,0.0014197826385498047,0.0012507438659667969,0.0010366439819335938,0.0008568763732910156,0.0010340213775634766,0.0008361339569091797,0.0008397102355957031,0.0008337497711181641,0.0008432865142822266,0.0012276172637939453,0.0008590221405029297,0.0008311271667480469,0.0008311271667480469,0.0008318424224853516,0.001224517822265625,0.0009129047393798828,0.0014367103576660156,0.0014238357543945312,0.0010280609130859375,0.0008327960968017578,0.0014598369598388672,0.0012247562408447266,0.0008425712585449219,0.001032114028930664,0.0010349750518798828,0.0010602474212646484,0.0012423992156982422,0.0014276504516601562,0.0014235973358154297,0.0010418891906738281,0.0010645389556884766,0.0010342597961425781,0.0014503002166748047,0.0014386177062988281,0.0010302066802978516,0.0010304450988769531,0.0014183521270751953,0.0014255046844482422,0.0014700889587402344,0.0014467239379882812,0.0014569759368896484,0.0014450550079345703,0.0014617443084716797,0.001439809799194336,0.0014338493347167969,0.001432657241821289,0.0012531280517578125,0.0010578632354736328
0.0015099048614501953,0.0015230178833007812,0.0009005069732666016,0.0008955001831054688,0.0015134811401367188,0.0008935928344726562,0.0012962818145751953,0.0008924007415771484,0.0015141963958740234,0.0012989044189453125,0.001499176025390625,0.001300811767578125,0.0008974075317382812,0.0010881423950195312,0.0011169910430908203,0.0011017322540283203,0.0009124279022216797,0.0008959770202636719,0.00152587890625,0.0011010169982910156,0.0010941028594970703,0.0013034343719482422,0.0014989376068115234,0.0013322830200195312,0.00153350830078125,0.0015134811401367188,0.0015289783477783203,0.001500844955444336,0.001497030258178711,0.0009205341339111328,0.0008914470672607422,0.0015099048614501953,0.0013151168823242188,0.0008940696716308594
0.0014789104461669922,0.0008676052093505859,0.0014920234680175781,0.0008594989776611328,0.0008754730224609375,0.0008492469787597656,0.0008616447448730469,0.0008752346038818359
0.0008344650268554688,0.0009837150573730469,0.0008289813995361328,0.0009930133819580078,0.0008006095886230469,0.0008044242858886719,0.0008077621459960938,0.0008122920989990234,0.007127523422241211,0.0008215904235839844,0.0008058547973632812,0.0008099079132080078,0.0008058547973632812,0.0008251667022705078,0.0013189315795898438,0.0008144378662109375,0.0008051395416259766,0.0008089542388916016,0.0008099079132080078,0.0008025169372558594,0.0008130073547363281,0.0008115768432617188,0.0008025169372558594,0.0009882450103759766,0.0010921955108642578,0.0008199214935302734,0.0007998943328857422,0.0008234977722167969,0.0011305809020996094,0.0008077621459960938,0.0009672641754150391,0.0008001327514648438,0.0009889602661132812,0.0013201236724853516,0.001317739486694336,0.0012979507446289062,0.0013096332550048828,0.0013124942779541016,0.0013272762298583984,0.0009725093841552734,0.0011568069458007812,0.0013117790222167969,0.0011417865753173828,0.0008182525634765625,0.0011413097381591797,0.0008065700531005859,0.0008029937744140625
0.0007879734039306641,0.0007936954498291016,0.0007898807525634766,0.0009853839874267578,0.0011241436004638672,0.0007905960083007812,0.00080108642578125,0.0008275508880615234,0.0008072853088378906,0.0008094310760498047,0.0012769699096679688,0.0007882118225097656,0.0007965564727783203,0.0008223056793212891,0.0008203983306884766,0.0007996559143066406,0.0007948875427246094,0.0013146400451660156,0.0012919902801513672,0.0013082027435302734,0.0007944107055664062,0.0009808540344238281,0.0009579658508300781
0.0010876655578613281
0.0008466243743896484
0.0011858940124511719
0.0008134841918945312
0.001207590103149414
0.000896453857421875
0.0010306835174560547
0.0011386871337890625,0.0008997917175292969,0.0008764266967773438,0.0009150505065917969,0.0016493797302246094,0.0016758441925048828,0.0016589164733886719,0.0016281604766845703,0.0016911029815673828,0.0013763904571533203,0.0008673667907714844,0.0013844966888427734,0.0008647441864013672,0.001638174057006836,0.0011222362518310547,0.001646280288696289,0.0016825199127197266,0.001678466796875,0.0016932487487792969,0.0013937950134277344,0.0009026527404785156,0.0008628368377685547,0.0008759498596191406,0.0008680820465087891
0.0011074542999267578,0.0015909671783447266,0.001111745834350586,0.0015518665313720703,0.0008983612060546875,0.001134634017944336,0.0013630390167236328,0.0013561248779296875,0.0015914440155029297,0.001573324203491211,0.0015764236450195312,0.0015783309936523438,0.0015718936920166016,0.0015816688537597656,0.0011234283447265625,0.0008797645568847656,0.000911712646484375,0.0008809566497802734,0.0008769035339355469,0.0008859634399414062
0.0009167194366455078,0.0016398429870605469,0.0016286373138427734,0.0011658668518066406,0.0008878707885742188,0.0011301040649414062,0.0008885860443115234,0.0009286403656005859
0.0009124279022216797,0.0008993148803710938,0.0009424686431884766
