33,36,34,31,35,37,38,39,40,32,41,30,29,28,26,23,15,42,22,24,19,14,16,43,21,25
0.12586116790771484,0.08316969871520996,0.07717704772949219,0.07625937461853027,0.08830142021179199,0.08144783973693848,0.07802367210388184,0.09390449523925781,0.15803050994873047,0.09517288208007812,0.08465933799743652,0.08617377281188965,0.08157539367675781,0.08621597290039062,0.09030485153198242,0.08849835395812988,0.08428120613098145,0.08514094352722168,0.08036637306213379,0.07751178741455078,0.08214020729064941,0.07723355293273926,0.07379674911499023,0.08331418037414551,0.08855462074279785,0.0798032283782959,0.08761978149414062,0.08334684371948242,0.08838796615600586,0.08620429039001465,0.08479976654052734,0.0893547534942627,0.08434033393859863,0.0904543399810791,0.0834798812866211,0.161895751953125,0.16269588470458984,0.1470346450805664,0.13696956634521484,0.0836949348449707,0.13979578018188477,0.1409003734588623,0.07905697822570801
0.08303499221801758,0.08546662330627441,0.08403563499450684,0.08054900169372559,0.08495545387268066,0.0856475830078125,0.09435248374938965,0.08493590354919434,0.09096908569335938,0.08908629417419434,0.15532851219177246,0.08600902557373047,0.08708810806274414,0.08819055557250977,0.08773064613342285,0.09078168869018555,0.08943700790405273,0.08389568328857422,0.08845901489257812,0.08964419364929199,0.09258008003234863,0.08516240119934082,0.08870911598205566,0.08926963806152344,0.09344100952148438,0.0937657356262207,0.08577990531921387,0.07658743858337402,0.08748722076416016,0.08365702629089355,0.09202408790588379,0.08736348152160645,0.08999490737915039,0.10316228866577148,0.09222745895385742,0.09509468078613281,0.08691811561584473,0.08510565757751465,0.07883262634277344,0.08099532127380371,0.0926508903503418,0.08345675468444824,0.08849310874938965,0.08554649353027344,0.08710527420043945,0.08832097053527832,0.08953237533569336,0.08175110816955566,0.09507036209106445,0.09071898460388184,0.09486651420593262,0.09350323677062988,0.0850980281829834,0.09344863891601562,0.10648584365844727,0.09569001197814941,0.0901956558227539,0.09004688262939453,0.09219837188720703,0.09025931358337402,0.0840616226196289,0.08610248565673828,0.08747100830078125,0.08594822883605957,0.08977317810058594,0.09440469741821289,0.08928799629211426,0.09104633331298828,0.0938417911529541,0.09681582450866699,0.08819317817687988,0.07903194427490234,0.0933842658996582,0.09078788757324219,0.07278823852539062,0.08663296699523926,0.08235931396484375,0.09262657165527344,0.08828043937683105,0.08901166915893555,0.08984994888305664,0.1542494297027588,0.0870974063873291,0.08436989784240723,0.0982522964477539,0.16060113906860352,0.09359598159790039,0.0881040096282959,0.09091520309448242,0.0832662582397461,0.08615517616271973,0.0897071361541748,0.09755897521972656,0.09191608428955078,0.0812234878540039,0.16184425354003906,0.10022711753845215,0.0899817943572998,0.08617901802062988,0.09095358848571777,0.09661626815795898,0.08387398719787598,0.08967995643615723,0.08422183990478516,0.08300089836120605,0.08762454986572266,0.07361221313476562,0.08344173431396484,0.09109020233154297,0.0922098159790039,0.0899956226348877,0.07832598686218262,0.09080910682678223,0.08718132972717285,0.08821535110473633,0.08229494094848633,0.08528542518615723,0.08504915237426758,0.08869361877441406,0.081756591796875,0.0821843147277832,0.1597747802734375,0.08447599411010742,0.08724713325500488,0.09543442726135254,0.09118342399597168,0.09288907051086426,0.1712503433227539,0.08704376220703125,0.1644582748413086,0.15391921997070312,0.15529680252075195,0.14934015274047852,0.1486530303955078,0.1419515609741211,0.09225344657897949,0.09143900871276855,0.09349489212036133,0.09178543090820312,0.08636355400085449,0.0845489501953125,0.09193062782287598,0.08787965774536133,0.09145116806030273,0.08821940422058105,0.0878150463104248,0.09438061714172363,0.08838772773742676,0.08331060409545898,0.08394455909729004,0.08617472648620605,0.09594416618347168,0.09061884880065918,0.08182001113891602,0.08379149436950684,0.0929100513458252,0.08333325386047363,0.09400653839111328,0.09140491485595703,0.08912920951843262,0.08404898643493652,0.08729147911071777,0.08895373344421387,0.09023189544677734,0.0834505558013916,0.14843153953552246,0.08709955215454102,0.09273242950439453,0.08543205261230469,0.08422350883483887,0.0776529312133789,0.09096121788024902,0.09400510787963867,0.09650063514709473,0.08610010147094727,0.1611623764038086,0.08385801315307617,0.08743476867675781,0.0808720588684082,0.08187007904052734,0.07783937454223633,0.0857856273651123,0.0861504077911377,0.08830451965332031,0.16414713859558105,0.08962821960449219,0.16469907760620117,0.08184075355529785,0.08926725387573242,0.16077947616577148,0.16797351837158203,0.13651800155639648,0.08508920669555664
0.08640170097351074,0.08102273941040039,0.08433318138122559,0.15775179862976074,0.09133625030517578,0.1517801284790039,0.08366227149963379,0.0825042724609375,0.077545166015625,0.0798807144165039,0.08907222747802734,0.0861520767211914,0.08176231384277344,0.07610440254211426,0.0842585563659668,0.07175588607788086,0.08003735542297363,0.0915079116821289,0.0837709903717041,0.08787798881530762,0.09076571464538574,0.08866453170776367,0.08411693572998047,0.09652900695800781,0.09039950370788574,0.07442855834960938,0.08764934539794922,0.08282089233398438,0.09415864944458008,0.14115285873413086,0.08616971969604492,0.0877230167388916,0.08910751342773438,0.0819706916809082,0.0872340202331543,0.09268641471862793,0.08478879928588867,0.08435893058776855,0.08066678047180176,0.09407734870910645,0.08527493476867676,0.0822601318359375,0.15164422988891602,0.08997917175292969,0.08455491065979004,0.08197379112243652,0.15421175956726074,0.08970236778259277,0.08541655540466309,0.08193302154541016,0.08192706108093262,0.08252644538879395,0.09614729881286621,0.09116554260253906,0.08748078346252441,0.08034324645996094,0.08926010131835938,0.08994221687316895,0.0885465145111084,0.09100580215454102,0.08056139945983887,0.07895898818969727,0.08990883827209473,0.07671833038330078,0.09107613563537598,0.08984136581420898,0.09220194816589355,0.15408062934875488,0.08573555946350098,0.0925295352935791,0.0786895751953125,0.08457064628601074,0.13492655754089355,0.1369030475616455,0.14165282249450684,0.16217875480651855
0.08005166053771973,0.07801198959350586,0.07864594459533691,0.0776822566986084,0.07651710510253906,0.08584403991699219,0.09131026268005371,0.0814509391784668,0.07486391067504883,0.1494295597076416,0.08207106590270996,0.08296084403991699,0.08959364891052246,0.07780146598815918,0.1470484733581543,0.08274102210998535,0.07954049110412598,0.08260607719421387,0.08411860466003418,0.08474326133728027,0.0869135856628418,0.13628888130187988,0.07456302642822266
0.08113789558410645,0.09699440002441406,0.09608983993530273,0.09210324287414551,0.08248090744018555,0.09558558464050293,0.09302926063537598,0.0860295295715332,0.08876466751098633,0.0842289924621582,0.08696103096008301,0.08907866477966309,0.16582751274108887,0.08678936958312988,0.09536528587341309,0.0885162353515625,0.08751344680786133,0.08690524101257324,0.0842142105102539,0.08224058151245117,0.07752728462219238,0.08865785598754883,0.07675504684448242,0.08995246887207031,0.08286237716674805,0.08830857276916504,0.08462905883789062,0.09263324737548828,0.08079671859741211,0.09070324897766113,0.08985376358032227,0.09919333457946777,0.08487224578857422,0.08153176307678223,0.0927424430847168,0.09478974342346191,0.07977151870727539,0.0918128490447998,0.08901834487915039,0.07753825187683105,0.09589266777038574,0.17097139358520508,0.08499813079833984,0.09911036491394043,0.09591412544250488,0.08184623718261719,0.09043097496032715,0.08234500885009766,0.08227658271789551,0.08334994316101074,0.0916283130645752,0.08742976188659668,0.10261130332946777,0.08739829063415527,0.1576690673828125,0.09698677062988281,0.08664178848266602,0.09000921249389648,0.08050727844238281,0.09397554397583008,0.08210468292236328,0.08503603935241699,0.09036040306091309,0.09135937690734863,0.08642935752868652,0.08870410919189453,0.07956671714782715,0.08671307563781738,0.09038829803466797,0.08631467819213867,0.08576631546020508,0.0932621955871582,0.07848739624023438,0.08318257331848145,0.0849616527557373,0.06813335418701172,0.08096170425415039,0.09098649024963379,0.07839488983154297,0.08630037307739258,0.0863046646118164,0.07393527030944824,0.09259557723999023,0.09198284149169922,0.08677840232849121,0.08802080154418945,0.09088730812072754,0.09107112884521484,0.08603405952453613,0.0916891098022461,0.09155654907226562,0.0871124267578125,0.08661937713623047,0.08998632431030273,0.07999634742736816,0.14794588088989258,0.07551121711730957,0.1564626693725586,0.08522796630859375,0.1484072208404541,0.15848445892333984,0.08410406112670898,0.16145920753479004,0.14722061157226562,0.14599061012268066,0.09309673309326172,0.14137625694274902,0.14002227783203125,0.15411972999572754
0.08951425552368164,0.09035134315490723,0.1497647762298584,0.08754873275756836,0.08980393409729004,0.09331941604614258,0.09130668640136719,0.09195351600646973,0.08363175392150879,0.08943510055541992,0.09156990051269531,0.09378933906555176,0.1402759552001953,0.1032710075378418,0.15615367889404297,0.15848684310913086,0.1018989086151123,0.08942937850952148,0.0847623348236084,0.08356285095214844,0.07644104957580566,0.08551168441772461,0.09114718437194824,0.09411287307739258,0.09499430656433105,0.08811020851135254,0.09565567970275879,0.08523130416870117,0.0870368480682373,0.09117698669433594,0.08622121810913086,0.0811915397644043,0.09090662002563477,0.09240913391113281,0.16360735893249512,0.10046267509460449,0.09089064598083496,0.0864403247833252,0.10393142700195312,0.09077167510986328,0.08963799476623535,0.09223723411560059,0.08345818519592285,0.0862436294555664,0.10048341751098633,0.09151148796081543,0.09566092491149902,0.09686279296875,0.08476519584655762,0.08781623840332031,0.08723902702331543,0.09455561637878418,0.0841059684753418,0.08967995643615723,0.08184313774108887,0.0944364070892334,0.08246064186096191,0.09069418907165527,0.0886378288269043,0.0800628662109375,0.0859518051147461,0.15371036529541016,0.08554887771606445,0.08797430992126465,0.08256292343139648,0.09081506729125977,0.08499574661254883,0.09408688545227051,0.14949321746826172,0.10160112380981445,0.09135723114013672,0.10071897506713867,0.08394765853881836,0.09380269050598145,0.09497237205505371,0.09113121032714844,0.08450126647949219,0.09395289421081543,0.0899205207824707,0.08133339881896973,0.09359288215637207,0.08987092971801758,0.08886122703552246,0.09079766273498535,0.08320450782775879,0.08904576301574707,0.07761716842651367,0.0977027416229248,0.0852963924407959,0.08483505249023438,0.08763599395751953,0.08965921401977539,0.09230256080627441,0.09614205360412598,0.08509469032287598,0.08779501914978027,0.09851670265197754,0.07950687408447266,0.09229016304016113,0.08835268020629883,0.08450984954833984,0.08547496795654297,0.08774614334106445,0.09235692024230957,0.0836341381072998,0.08716940879821777,0.09759712219238281,0.13805294036865234,0.08840751647949219,0.0846102237701416,0.08546614646911621,0.08892273902893066,0.09221148490905762,0.15679192543029785,0.08812665939331055,0.0899972915649414,0.0908517837524414,0.09429526329040527,0.08809995651245117,0.0951683521270752,0.09730720520019531,0.09592032432556152,0.08822035789489746,0.08985590934753418,0.15272259712219238,0.07868123054504395,0.08990621566772461,0.0891714096069336,0.16295266151428223,0.14528870582580566,0.07798147201538086,0.09348392486572266,0.0813608169555664,0.08335041999816895,0.08278512954711914,0.07652711868286133,0.14609622955322266,0.08699798583984375,0.1005091667175293,0.0875709056854248,0.08194780349731445,0.09057807922363281,0.08730864524841309,0.08096909523010254,0.09799861907958984,0.10190725326538086,0.09609413146972656,0.07572293281555176,0.08804988861083984,0.09311127662658691,0.08710145950317383,0.08190536499023438,0.08684682846069336,0.09076213836669922,0.08497262001037598,0.08893299102783203,0.08452439308166504,0.08382010459899902,0.09969544410705566,0.09752964973449707,0.08548927307128906,0.16057920455932617,0.08853459358215332,0.08731198310852051,0.09163355827331543,0.09333562850952148,0.16102194786071777,0.08921527862548828,0.10229277610778809,0.09829878807067871,0.10261917114257812,0.09598636627197266,0.08882999420166016,0.08461952209472656,0.09189105033874512,0.09518837928771973,0.09439325332641602,0.09211468696594238,0.0948486328125,0.08275294303894043,0.08747649192810059,0.0827021598815918,0.08070993423461914,0.08913445472717285,0.09373354911804199,0.0839076042175293,0.08541727066040039,0.08193469047546387,0.09903788566589355,0.09354329109191895,0.09189629554748535,0.09184598922729492,0.08369994163513184,0.08277463912963867,0.08898186683654785,0.09904241561889648,0.08476996421813965,0.09680581092834473,0.08700442314147949,0.08767890930175781,0.09310030937194824,0.09001922607421875,0.08437538146972656,0.09623980522155762,0.09755325317382812,0.16411495208740234,0.0845024585723877,0.09398150444030762,0.07976031303405762,0.08047199249267578,0.08199954032897949,0.07961845397949219,0.08601808547973633,0.17064523696899414,0.08802223205566406,0.10533308982849121,0.08277368545532227,0.0836338996887207,0.07915306091308594,0.09666919708251953,0.07923078536987305,0.08868169784545898,0.0803060531616211,0.08719396591186523,0.08656597137451172,0.08513355255126953,0.07770156860351562,0.08904027938842773,0.08618950843811035,0.08445072174072266,0.1621406078338623,0.18200302124023438,0.1608569622039795,0.16838717460632324,0.1607365608215332,0.15688514709472656,0.08420085906982422,0.14577746391296387,0.08888530731201172,0.08596086502075195,0.15929698944091797,0.16760921478271484,0.09235882759094238,0.09352374076843262,0.08468365669250488,0.08867287635803223,0.0961153507232666,0.09756064414978027,0.08316254615783691,0.08951568603515625,0.09276223182678223,0.09961724281311035,0.08772516250610352,0.08061695098876953,0.0891275405883789,0.08759689331054688,0.09003877639770508,0.08330440521240234,0.09995603561401367,0.08240818977355957,0.0867156982421875,0.09976506233215332,0.08982014656066895,0.09045791625976562,0.09228754043579102,0.08863234519958496,0.0854194164276123,0.08156991004943848,0.08442544937133789,0.08983397483825684,0.08087944984436035,0.08771967887878418,0.09030961990356445,0.09303736686706543,0.09410834312438965,0.0841987133026123,0.09051704406738281,0.09828329086303711,0.08565354347229004,0.08494353294372559,0.09385538101196289,0.08929800987243652,0.08493280410766602,0.09059309959411621,0.08713746070861816,0.08434200286865234,0.09237122535705566,0.0800013542175293,0.08248519897460938,0.08812475204467773,0.08122849464416504,0.1692819595336914,0.08487510681152344,0.08557963371276855,0.09025430679321289,0.08442497253417969,0.08403515815734863,0.14917659759521484,0.08724308013916016,0.16952109336853027,0.15584373474121094,0.08233022689819336,0.09218168258666992,0.08017420768737793,0.09613990783691406,0.08130693435668945,0.08222484588623047,0.08315038681030273,0.09374547004699707,0.09734988212585449,0.0990445613861084,0.08066511154174805,0.0948028564453125,0.0751340389251709,0.16138839721679688,0.15758800506591797,0.08487510681152344,0.08829212188720703,0.1630396842956543,0.14432096481323242,0.15293383598327637,0.15349054336547852,0.16196060180664062,0.1689014434814453
0.0784296989440918,0.14573884010314941,0.14787578582763672,0.09057736396789551,0.09561729431152344,0.09553027153015137,0.09823727607727051,0.08425545692443848,0.0907125473022461,0.0958566665649414,0.16259193420410156,0.08646392822265625,0.09106993675231934,0.08751773834228516,0.09077143669128418,0.0870215892791748,0.08907032012939453,0.08896875381469727,0.1057896614074707,0.1007988452911377,0.09270095825195312,0.08814167976379395,0.0944514274597168,0.08459949493408203,0.0922086238861084,0.0898141860961914,0.09019112586975098,0.08858132362365723,0.08733010292053223,0.09028220176696777,0.17666149139404297,0.07916378974914551,0.08185195922851562,0.09266090393066406,0.09101462364196777,0.09147834777832031,0.08332371711730957,0.09991574287414551,0.08607244491577148,0.15189576148986816,0.0973198413848877,0.10070037841796875,0.15836095809936523,0.0944368839263916,0.09524393081665039,0.0867154598236084,0.09042549133300781,0.09068942070007324,0.08327555656433105,0.09063220024108887,0.09056353569030762,0.08449673652648926,0.07981491088867188,0.08733081817626953,0.08738851547241211,0.10001206398010254,0.09313678741455078,0.14937090873718262,0.09317946434020996,0.08291935920715332,0.08894014358520508,0.07811975479125977,0.08798909187316895,0.09506058692932129,0.09049749374389648,0.08978486061096191,0.0957033634185791,0.09696722030639648,0.09436750411987305,0.09331274032592773,0.0976717472076416,0.09215903282165527,0.08895492553710938,0.08702445030212402,0.09627318382263184,0.08384418487548828,0.09407854080200195,0.09346175193786621,0.10411357879638672,0.08772683143615723,0.09968113899230957,0.08043694496154785,0.08902549743652344,0.09570503234863281,0.08943963050842285,0.09694838523864746,0.09914374351501465,0.09560203552246094,0.09314680099487305,0.09349751472473145,0.09011006355285645,0.08732151985168457,0.08404350280761719,0.09723854064941406,0.08453869819641113,0.09189105033874512,0.09563064575195312,0.0937643051147461,0.09870600700378418,0.09071874618530273,0.08569693565368652,0.07106971740722656,0.0956716537475586,0.08059048652648926,0.15903043746948242,0.08902287483215332,0.0890035629272461,0.17134547233581543,0.08871340751647949,0.08604049682617188,0.09763216972351074,0.08794999122619629,0.08949136734008789,0.0811460018157959,0.0863502025604248,0.08072471618652344,0.08355379104614258,0.08303356170654297,0.08572268486022949,0.15619850158691406,0.08762121200561523,0.08647632598876953,0.09647274017333984,0.15958642959594727,0.09015583992004395,0.09002971649169922,0.08566999435424805,0.09208536148071289,0.09762716293334961,0.16766571998596191,0.08514690399169922,0.09146952629089355,0.08706974983215332,0.09433102607727051,0.14861774444580078,0.09586548805236816,0.08629965782165527,0.09692144393920898,0.16703486442565918,0.0948781967163086,0.09443140029907227,0.09182095527648926,0.10260677337646484,0.08935308456420898,0.0921030044555664,0.09723496437072754,0.08489775657653809,0.09146547317504883,0.09780430793762207,0.09545755386352539,0.07454490661621094,0.08409976959228516,0.09120798110961914,0.09565234184265137,0.09760141372680664,0.09228348731994629,0.0873870849609375,0.1556699275970459,0.08633661270141602,0.16810941696166992,0.1696012020111084,0.15207290649414062,0.09513521194458008,0.18394064903259277,0.09067058563232422,0.0941464900970459,0.09325861930847168,0.08688855171203613,0.08358478546142578,0.08490705490112305,0.08068180084228516,0.15863275527954102,0.08983564376831055,0.09612226486206055,0.10173535346984863,0.08405327796936035,0.08097982406616211,0.0904695987701416,0.08455467224121094,0.08560681343078613,0.09020638465881348,0.09178709983825684,0.08497166633605957,0.16089606285095215,0.09059643745422363,0.10021066665649414,0.08433771133422852,0.09930205345153809,0.09212231636047363,0.09325313568115234,0.0945274829864502,0.08789181709289551,0.08344769477844238,0.09667468070983887,0.08797764778137207,0.08400321006774902,0.09241080284118652,0.09229922294616699,0.08661365509033203,0.08799266815185547,0.09182047843933105,0.09910774230957031,0.08553624153137207,0.08812475204467773,0.09293079376220703,0.09335780143737793,0.173675537109375,0.0872490406036377,0.09127426147460938,0.10077953338623047,0.09329676628112793,0.09423303604125977,0.08815240859985352,0.08610033988952637,0.08129239082336426,0.09114766120910645,0.09166216850280762,0.08628988265991211,0.09019064903259277,0.08588004112243652,0.0921483039855957,0.08976292610168457,0.08921265602111816,0.08197188377380371,0.0850229263305664,0.08956289291381836,0.0864555835723877,0.0953071117401123,0.08637523651123047,0.10071063041687012,0.0863802433013916,0.09216070175170898,0.09133505821228027,0.08050131797790527,0.10071349143981934,0.08700060844421387,0.09049534797668457,0.08339691162109375,0.08393120765686035,0.09360051155090332,0.07928204536437988,0.08725690841674805,0.09418249130249023,0.08605504035949707,0.0904231071472168,0.08813023567199707,0.08355998992919922,0.09859514236450195,0.08859729766845703,0.08808231353759766,0.09028387069702148,0.09165740013122559,0.07503914833068848,0.0827169418334961,0.08514881134033203,0.09493303298950195,0.09448719024658203,0.08243966102600098,0.0875697135925293,0.08095002174377441,0.14562273025512695,0.08983159065246582,0.08334755897521973,0.17309069633483887,0.09855771064758301,0.10086965560913086,0.08773612976074219,0.09206151962280273,0.08823227882385254,0.09482312202453613,0.08843278884887695,0.09549260139465332,0.08289766311645508,0.09526324272155762,0.08242154121398926,0.09604549407958984,0.08115983009338379,0.08704161643981934,0.08791208267211914,0.09421086311340332,0.08929610252380371,0.171126127243042,0.1594381332397461,0.09910154342651367,0.09276652336120605,0.0910482406616211,0.09373760223388672,0.08882594108581543,0.09204459190368652,0.08910751342773438,0.1026451587677002,0.08766722679138184,0.1534411907196045,0.09131073951721191,0.14699077606201172,0.08940458297729492,0.1795201301574707,0.15616393089294434,0.16404938697814941,0.09909272193908691,0.16979336738586426,0.15723443031311035,0.1672372817993164,0.09947800636291504,0.09102368354797363,0.0986790657043457,0.1535484790802002,0.15066123008728027,0.15819668769836426,0.1585376262664795,0.08260941505432129,0.1609508991241455,0.10772585868835449,0.09404444694519043,0.15340518951416016,0.08523917198181152,0.08098244667053223,0.09041094779968262,0.09291887283325195,0.0923619270324707,0.09441971778869629,0.16120505332946777,0.08253026008605957,0.16710448265075684,0.15555930137634277,0.18062400817871094,0.10340714454650879,0.10287737846374512,0.10063695907592773,0.09300351142883301,0.10129165649414062,0.10332107543945312,0.08712124824523926,0.08758354187011719,0.09168553352355957,0.09648728370666504,0.10030698776245117,0.09797525405883789,0.09666657447814941,0.0950016975402832,0.08595871925354004,0.0959467887878418,0.09583711624145508,0.08614110946655273,0.08609724044799805,0.0966789722442627,0.0829916000366211,0.0965414047241211,0.09232878684997559,0.09159326553344727,0.08472132682800293,0.09380340576171875,0.0888662338256836,0.08375668525695801,0.16917824745178223,0.0909433364868164,0.08241939544677734,0.09076189994812012,0.08868646621704102,0.09190726280212402,0.09311580657958984,0.09292149543762207,0.09261155128479004,0.08183431625366211,0.08564043045043945,0.0859372615814209,0.0987858772277832,0.0887451171875,0.08947014808654785,0.07958650588989258,0.07758212089538574,0.08952641487121582,0.09811878204345703,0.09215021133422852,0.08937764167785645,0.09923791885375977,0.08815360069274902,0.0943307876586914,0.08394646644592285,0.08778643608093262,0.09132814407348633,0.0919804573059082,0.09610867500305176,0.08478617668151855,0.09723830223083496,0.09115791320800781,0.0819549560546875,0.0789487361907959,0.08430266380310059,0.09158015251159668,0.08299756050109863,0.08538579940795898,0.0898892879486084,0.08264756202697754,0.09045529365539551,0.09125542640686035,0.09820437431335449,0.09738039970397949,0.08353042602539062,0.09022641181945801,0.09727907180786133,0.08499550819396973,0.09488224983215332,0.08597016334533691,0.09586501121520996,0.09136176109313965,0.09379267692565918,0.09767889976501465,0.0872197151184082,0.09244775772094727,0.08958244323730469,0.16657519340515137,0.14961862564086914,0.0898592472076416,0.17734003067016602,0.09277486801147461,0.10204243659973145,0.0924534797668457,0.08993649482727051,0.08559536933898926,0.0911858081817627,0.16264057159423828,0.08933281898498535,0.15832304954528809,0.17141461372375488,0.16324257850646973
0.09668302536010742,0.1715404987335205,0.09457015991210938,0.09510231018066406,0.16504693031311035,0.09572243690490723,0.09085917472839355,0.09979391098022461,0.08729839324951172,0.08526039123535156,0.1607828140258789,0.09855413436889648,0.09269189834594727,0.08441519737243652,0.10307073593139648,0.09216117858886719,0.09529256820678711,0.08907699584960938,0.09085941314697266,0.09552645683288574,0.09611129760742188,0.09279370307922363,0.15601539611816406,0.09315109252929688,0.08964991569519043,0.09315943717956543,0.07924842834472656,0.09795641899108887,0.09407925605773926,0.08837032318115234,0.09346795082092285,0.09879565238952637,0.08937954902648926,0.09368705749511719,0.08887958526611328,0.08645224571228027,0.09250211715698242,0.09925007820129395,0.10406851768493652,0.08499407768249512,0.18163418769836426,0.08870697021484375,0.0947427749633789,0.09002256393432617,0.09188294410705566,0.09211087226867676,0.09645509719848633,0.09030652046203613,0.08848261833190918,0.08770465850830078,0.09076380729675293,0.09012913703918457,0.1003274917602539,0.09370183944702148,0.10434937477111816,0.0919187068939209,0.1009058952331543,0.09040045738220215,0.09319448471069336,0.10256791114807129,0.09393024444580078,0.09301519393920898,0.09584903717041016,0.09514403343200684,0.08786869049072266,0.09588813781738281,0.08420681953430176,0.09526944160461426,0.1844627857208252,0.09493112564086914,0.08866643905639648,0.10482525825500488,0.0950775146484375,0.09157371520996094,0.09418559074401855,0.1836538314819336,0.09017133712768555,0.09117460250854492,0.09457612037658691,0.09197807312011719,0.09703302383422852,0.10030841827392578,0.09030652046203613,0.0947566032409668,0.0882117748260498,0.09751701354980469,0.09505295753479004,0.08713150024414062,0.08890128135681152,0.09580230712890625,0.14128470420837402,0.08910012245178223,0.18189430236816406,0.1654064655303955,0.08819365501403809,0.09553956985473633,0.09756994247436523,0.09289312362670898,0.09242105484008789,0.0929412841796875,0.16313600540161133,0.09009671211242676,0.19428324699401855,0.08341836929321289,0.08645367622375488,0.10495114326477051,0.0936574935913086,0.0965719223022461,0.1008908748626709,0.09008574485778809,0.0845482349395752,0.1715717315673828,0.08655118942260742,0.08922696113586426,0.07701611518859863,0.09206175804138184,0.0899043083190918,0.09044957160949707,0.09701895713806152,0.0827484130859375,0.09333944320678711,0.08146548271179199,0.09384417533874512,0.08653593063354492,0.09400153160095215,0.08835339546203613,0.09637999534606934,0.10142350196838379,0.09333491325378418,0.09457278251647949,0.08441686630249023,0.08115172386169434,0.08538556098937988,0.10238099098205566,0.16336822509765625,0.0909726619720459,0.08458638191223145,0.09241175651550293,0.09879732131958008,0.16895079612731934,0.07534170150756836,0.09654688835144043,0.09832644462585449,0.09475946426391602,0.0761268138885498,0.08900117874145508,0.08910584449768066,0.09066557884216309,0.08790278434753418,0.08993196487426758,0.09607148170471191,0.09298491477966309,0.0865321159362793,0.08803057670593262,0.09266114234924316,0.08159995079040527,0.09319090843200684,0.10535645484924316,0.08771872520446777,0.08775591850280762,0.17798757553100586,0.09279608726501465,0.09607172012329102,0.09794235229492188,0.09336233139038086,0.08377599716186523,0.09188342094421387,0.09045696258544922,0.0951690673828125,0.15629243850708008,0.08986306190490723,0.09026050567626953,0.09547924995422363,0.0899512767791748,0.0935204029083252,0.09296083450317383,0.0863947868347168,0.08084607124328613,0.0930776596069336,0.08910155296325684,0.08426809310913086,0.09915971755981445,0.09228754043579102,0.0913388729095459,0.09311389923095703,0.08556699752807617,0.09328341484069824,0.09879636764526367,0.09117650985717773,0.15863347053527832,0.09315085411071777,0.09903264045715332,0.0814664363861084,0.09397220611572266,0.09692120552062988,0.09657025337219238,0.08858823776245117,0.09630513191223145,0.08963847160339355,0.16908597946166992,0.15816259384155273,0.15519952774047852,0.08624482154846191,0.0977928638458252,0.08816409111022949,0.09241414070129395,0.09594845771789551,0.08886861801147461,0.09287118911743164,0.08923172950744629,0.10596537590026855,0.09254717826843262,0.09752440452575684,0.08970379829406738,0.09446215629577637,0.09742069244384766,0.17437243461608887,0.10275697708129883,0.15932130813598633,0.1672506332397461,0.16749858856201172,0.09710288047790527,0.16449904441833496,0.14192795753479004,0.16107869148254395,0.15612125396728516,0.17540407180786133,0.09005355834960938,0.16329360008239746,0.15937352180480957,0.17164039611816406,0.08991837501525879,0.0923619270324707,0.16025567054748535,0.0898904800415039,0.08664894104003906,0.1502525806427002,0.0976264476776123,0.17867612838745117,0.09596037864685059,0.08205652236938477,0.09823989868164062,0.08744168281555176,0.09706425666809082,0.09085464477539062,0.07724356651306152,0.09206771850585938,0.08955645561218262,0.09041786193847656,0.15896987915039062,0.0963137149810791,0.17467927932739258,0.08863139152526855,0.08478307723999023,0.08992552757263184,0.17764782905578613,0.09905266761779785,0.0882112979888916,0.09613490104675293,0.08965444564819336,0.09708428382873535,0.07832574844360352,0.08118414878845215,0.09319925308227539,0.09053993225097656,0.09322738647460938,0.09091973304748535,0.09223675727844238,0.0932469367980957,0.08758330345153809,0.09040713310241699,0.08693099021911621,0.08789181709289551,0.09614729881286621,0.08821558952331543,0.0896291732788086,0.08595395088195801,0.09096217155456543,0.11079645156860352,0.0978388786315918,0.10135531425476074,0.08088135719299316,0.08460831642150879,0.08382201194763184,0.08886551856994629,0.08436203002929688,0.07892751693725586,0.09412050247192383,0.09667205810546875,0.08353877067565918,0.08836889266967773,0.09572458267211914,0.08694314956665039,0.09125828742980957,0.08259749412536621,0.08551812171936035,0.08969688415527344,0.09067201614379883,0.09621453285217285,0.0973963737487793,0.0890803337097168,0.08882570266723633,0.0946817398071289,0.0882725715637207,0.10054612159729004,0.0839242935180664,0.09788918495178223,0.07793045043945312,0.09273195266723633,0.08414983749389648,0.0841827392578125,0.08175134658813477,0.07680869102478027,0.09344482421875,0.09141850471496582,0.08477401733398438,0.15076994895935059,0.08901047706604004,0.09021377563476562,0.09377455711364746,0.08884215354919434,0.1579289436340332,0.0798802375793457,0.09136128425598145,0.0957481861114502,0.18767142295837402,0.08638882637023926,0.0906057357788086,0.08342576026916504,0.16931462287902832,0.1454463005065918,0.08970355987548828,0.09890913963317871,0.09582734107971191,0.17151784896850586,0.08652305603027344,0.09740591049194336
0.0908517837524414,0.08672666549682617,0.09233283996582031,0.08844518661499023,0.10058283805847168,0.08675360679626465,0.10274171829223633,0.08551955223083496,0.09851503372192383,0.09168863296508789,0.09610962867736816,0.17592978477478027,0.09497690200805664,0.08945083618164062,0.1021425724029541,0.09340381622314453,0.0914304256439209,0.16298413276672363,0.08371663093566895,0.08789181709289551,0.09108114242553711,0.09585118293762207,0.09012484550476074,0.09217071533203125,0.10142803192138672,0.0954275131225586,0.09642648696899414,0.09416961669921875,0.09142255783081055,0.08709287643432617,0.08587265014648438,0.09422612190246582,0.10373544692993164,0.09224319458007812,0.09296417236328125,0.10060715675354004,0.16997361183166504,0.08817648887634277,0.0859229564666748,0.10111117362976074,0.09967350959777832,0.10729551315307617,0.10045385360717773,0.09388947486877441,0.08873271942138672,0.08347415924072266,0.09609842300415039,0.08191537857055664,0.08955764770507812,0.0940852165222168,0.08370161056518555,0.09990429878234863,0.0973348617553711,0.09147477149963379,0.08651113510131836,0.08075094223022461,0.09094119071960449,0.08192610740661621,0.16613531112670898,0.09653139114379883,0.09848642349243164,0.08769440650939941,0.08741474151611328,0.17664289474487305,0.08510613441467285,0.07860183715820312,0.08700060844421387,0.09537196159362793,0.16636037826538086,0.09066414833068848,0.09670329093933105,0.08270645141601562,0.09051918983459473,0.0892937183380127,0.09546947479248047,0.09149408340454102,0.0895700454711914,0.09309101104736328,0.09563183784484863,0.09236931800842285,0.10253548622131348,0.08240580558776855,0.16405224800109863,0.09798741340637207,0.08838510513305664,0.09263920783996582,0.09296846389770508,0.1030731201171875,0.17198395729064941,0.09278726577758789,0.09361982345581055,0.08813238143920898,0.09794187545776367,0.09897208213806152,0.14479708671569824,0.09340453147888184,0.07878422737121582,0.09450173377990723,0.1703653335571289,0.16541314125061035,0.1658155918121338,0.09756588935852051,0.1679086685180664,0.16135430335998535,0.16734647750854492,0.16166138648986816,0.18029117584228516,0.0905299186706543,0.09928154945373535,0.0927271842956543,0.169356107711792,0.09047341346740723,0.08995723724365234,0.10186576843261719,0.0906667709350586,0.0945425033569336,0.0876913070678711,0.09139490127563477,0.08781552314758301,0.09144139289855957,0.10315370559692383,0.08514952659606934,0.10112595558166504,0.10399937629699707,0.09691405296325684,0.08787655830383301,0.09135270118713379,0.09028029441833496,0.09479951858520508,0.08807897567749023,0.08844685554504395,0.10803055763244629,0.08590054512023926,0.09467792510986328,0.09389615058898926,0.0870361328125,0.08655142784118652,0.09441804885864258,0.08594775199890137,0.09443306922912598,0.08748745918273926,0.08814144134521484,0.08665299415588379,0.0972452163696289,0.09302306175231934,0.07923293113708496,0.14925742149353027,0.09492683410644531,0.0863351821899414,0.09746623039245605,0.0844733715057373,0.0995171070098877,0.08756732940673828,0.0933387279510498,0.09299755096435547,0.08781886100769043,0.1005711555480957,0.08605766296386719,0.08345484733581543,0.09216594696044922,0.08608293533325195,0.09780001640319824,0.15381169319152832,0.09101200103759766,0.09712958335876465,0.10097002983093262,0.09617996215820312,0.09870386123657227,0.0963754653930664,0.09124422073364258,0.08942055702209473,0.09785151481628418,0.16252589225769043,0.09565496444702148,0.09724831581115723
0.07107830047607422,0.07827353477478027,0.08658552169799805,0.07879018783569336,0.08416104316711426,0.07701969146728516,0.0859229564666748,0.0781564712524414,0.0870370864868164,0.07403993606567383,0.07874345779418945,0.08539676666259766,0.07488465309143066,0.15275907516479492,0.0776829719543457,0.08864092826843262,0.0870969295501709
0.1015329360961914,0.09129643440246582,0.09051299095153809,0.08734917640686035,0.0952768325805664,0.16530823707580566,0.09703397750854492,0.10103273391723633,0.09837770462036133,0.09776878356933594,0.09336566925048828,0.09308195114135742,0.10264849662780762,0.08839869499206543,0.10170602798461914,0.10567498207092285,0.09365653991699219,0.09712338447570801,0.09152078628540039,0.09012436866760254,0.10530996322631836,0.09014749526977539,0.0935671329498291,0.08965706825256348,0.09542489051818848,0.0983421802520752,0.08254241943359375,0.08388686180114746,0.09857320785522461,0.08596634864807129,0.17192673683166504,0.09151124954223633,0.09376311302185059,0.09373235702514648,0.09149336814880371,0.09645438194274902,0.09208178520202637,0.07631468772888184,0.09237980842590332,0.09392213821411133,0.18560361862182617,0.10091400146484375,0.10313248634338379,0.16748595237731934,0.0884861946105957,0.08922386169433594,0.09647798538208008,0.16536188125610352,0.10454463958740234,0.10400986671447754,0.08975481986999512,0.09085679054260254,0.16707110404968262,0.09513092041015625,0.08815622329711914,0.17191743850708008,0.09437251091003418,0.0933077335357666,0.08713126182556152,0.08969283103942871,0.08589458465576172,0.10015678405761719,0.08764505386352539,0.10857844352722168,0.08602499961853027,0.08525204658508301,0.0871436595916748,0.1010441780090332,0.09148335456848145,0.0949251651763916,0.09519028663635254,0.08835959434509277,0.09913468360900879,0.10364031791687012,0.09700131416320801,0.09887480735778809,0.09799623489379883
0.07525348663330078,0.07780694961547852,0.07562446594238281,0.0800788402557373,0.06551623344421387,0.08057379722595215,0.07574462890625,0.07914471626281738,0.13671302795410156,0.143996000289917,0.08152914047241211
0.06953024864196777,0.07492637634277344,0.07688546180725098,0.07903242111206055,0.08205771446228027,0.08459925651550293
0.0794370174407959,0.07889294624328613,0.07820415496826172,0.07599139213562012,0.06999826431274414,0.06767034530639648
0.11623501777648926,0.07924675941467285,0.06550240516662598
0.11174917221069336,0.05680418014526367,0.06987214088439941,0.11576986312866211
0.050122737884521484
0.09083724021911621,0.1048126220703125,0.09935832023620605,0.1181950569152832,0.10286164283752441,0.09788632392883301,0.09525609016418457,0.0967404842376709,0.10567474365234375,0.0914146900177002,0.08673501014709473,0.0897681713104248,0.10005903244018555,0.10040998458862305,0.0908212661743164,0.08357524871826172,0.0908975601196289,0.09976601600646973,0.08996462821960449,0.09677815437316895,0.09443926811218262,0.09572434425354004,0.09189724922180176,0.09376144409179688,0.16149544715881348,0.09434890747070312
0.12373185157775879,0.06869935989379883,0.06838393211364746
0.06603097915649414,0.06320428848266602
0.04824233055114746,0.09783935546875
0.042685747146606445,0.04715991020202637
0.04895663261413574
0.10019278526306152
0.06091880798339844
0.11905908584594727
